,game_id,speaker,source,voted_for,role,votes_target,winner
0,game7 - 62c4bc58-3776-4791-ac30-4c9ca5619503,kevin,Ego4D,jessica,Seer,jessica,Villagers
1,game7 - 62c4bc58-3776-4791-ac30-4c9ca5619503,kaelan,Ego4D,jessica,Center card,jessica,Villagers
2,game7 - 62c4bc58-3776-4791-ac30-4c9ca5619503,jessica,Ego4D,,Werewolf,jessica,Villagers
3,game7 - 62c4bc58-3776-4791-ac30-4c9ca5619503,daniel,Ego4D,daniel,Werewolf,jessica,Villagers
4,game9 - 62c4bc58-3776-4791-ac30-4c9ca5619503,kevin,Ego4D,,Troublemaker,None,Werewolves
5,game9 - 62c4bc58-3776-4791-ac30-4c9ca5619503,kaelan,Ego4D,,Robber,None,Werewolves
6,game9 - 62c4bc58-3776-4791-ac30-4c9ca5619503,jessica,Ego4D,,Werewolf,None,Werewolves
7,game9 - 62c4bc58-3776-4791-ac30-4c9ca5619503,daniel,Ego4D,,Doppleganger,None,Werewolves
8,game10 - 62c4bc58-3776-4791-ac30-4c9ca5619503,kevin,Ego4D,,Minion,None,Werewolves
9,game10 - 62c4bc58-3776-4791-ac30-4c9ca5619503,kaelan,Ego4D,,Villager,None,Werewolves
10,game10 - 62c4bc58-3776-4791-ac30-4c9ca5619503,jessica,Ego4D,,Villager,None,Werewolves
11,game10 - 62c4bc58-3776-4791-ac30-4c9ca5619503,daniel,Ego4D,,Werewolf,None,Werewolves
12,game11 - 62c4bc58-3776-4791-ac30-4c9ca5619503,kevin,Ego4D,jessica,Villager,None,Werewolves
13,game11 - 62c4bc58-3776-4791-ac30-4c9ca5619503,kaelan,Ego4D,kaelan,Villager,None,Werewolves
14,game11 - 62c4bc58-3776-4791-ac30-4c9ca5619503,jessica,Ego4D,,Minion,None,Werewolves
15,game11 - 62c4bc58-3776-4791-ac30-4c9ca5619503,daniel,Ego4D,,Werewolf,None,Werewolves
16,game6 - 2ba4023c-a8bf-43ad-ad5a-80ba222ce990,tyler,Ego4D,erin,Werewolf,None,Werewolves
17,game6 - 2ba4023c-a8bf-43ad-ad5a-80ba222ce990,margaret,Ego4D,clint,Robber,None,Werewolves
18,game6 - 2ba4023c-a8bf-43ad-ad5a-80ba222ce990,erin,Ego4D,clint,Drunk,None,Werewolves
19,game6 - 2ba4023c-a8bf-43ad-ad5a-80ba222ce990,clint,Ego4D,erin,Werewolf,None,Werewolves
20,game7 - 2ba4023c-a8bf-43ad-ad5a-80ba222ce990,tyler,Ego4D,margaret,Robber,erin,Werewolves
21,game7 - 2ba4023c-a8bf-43ad-ad5a-80ba222ce990,margaret,Ego4D,erin,Insomniac,erin,Werewolves
22,game7 - 2ba4023c-a8bf-43ad-ad5a-80ba222ce990,erin,Ego4D,erin,Hunter,erin,Werewolves
23,game7 - 2ba4023c-a8bf-43ad-ad5a-80ba222ce990,clint,Ego4D,clint,Werewolf,erin,Werewolves
24,game8 - 2ba4023c-a8bf-43ad-ad5a-80ba222ce990,tyler,Ego4D,clint,Werewolf,clint,Villagers
25,game8 - 2ba4023c-a8bf-43ad-ad5a-80ba222ce990,margaret,Ego4D,erin,Hunter,clint,Villagers
26,game8 - 2ba4023c-a8bf-43ad-ad5a-80ba222ce990,erin,Ego4D,tyler,Troublemaker,clint,Villagers
27,game8 - 2ba4023c-a8bf-43ad-ad5a-80ba222ce990,clint,Ego4D,clint,Werewolf,clint,Villagers
28,game9 - 2ba4023c-a8bf-43ad-ad5a-80ba222ce990,tyler,Ego4D,erin,Werewolf,tyler,Villagers
29,game9 - 2ba4023c-a8bf-43ad-ad5a-80ba222ce990,margaret,Ego4D,tyler,Hunter,tyler,Villagers
30,game9 - 2ba4023c-a8bf-43ad-ad5a-80ba222ce990,erin,Ego4D,tyler,Insomniac,tyler,Villagers
31,game9 - 2ba4023c-a8bf-43ad-ad5a-80ba222ce990,clint,Ego4D,clint,Robber,tyler,Villagers
32,game10 - 2ba4023c-a8bf-43ad-ad5a-80ba222ce990,tyler,Ego4D,erin,Werewolf,erin,Villagers
33,game10 - 2ba4023c-a8bf-43ad-ad5a-80ba222ce990,margaret,Ego4D,tyler,Robber,erin,Villagers
34,game10 - 2ba4023c-a8bf-43ad-ad5a-80ba222ce990,erin,Ego4D,erin,Werewolf,erin,Villagers
35,game10 - 2ba4023c-a8bf-43ad-ad5a-80ba222ce990,clint,Ego4D,clint,Tanner,erin,Villagers
36,game4 - 0c2659db-7bd4-4b37-9b08-4e247befe382,elliot,Ego4D,elliot,Tanner,None,Werewolves
37,game4 - 0c2659db-7bd4-4b37-9b08-4e247befe382,ashley,Ego4D,ashley,Werewolf,None,Werewolves
38,game4 - 0c2659db-7bd4-4b37-9b08-4e247befe382,james,Ego4D,sian,Insomniac,None,Werewolves
39,game4 - 0c2659db-7bd4-4b37-9b08-4e247befe382,chris,Ego4D,sian,Seer,None,Werewolves
40,game4 - 0c2659db-7bd4-4b37-9b08-4e247befe382,sukeshi,Ego4D,ashley,Werewolf,None,Werewolves
41,game4 - 0c2659db-7bd4-4b37-9b08-4e247befe382,sian,Ego4D,chris,Robber,None,Werewolves
42,game5 - 0c2659db-7bd4-4b37-9b08-4e247befe382,elliot,Ego4D,elliot,Seer,chris,Villagers
43,game5 - 0c2659db-7bd4-4b37-9b08-4e247befe382,ashley,Ego4D,chris,Werewolf,chris,Villagers
44,game5 - 0c2659db-7bd4-4b37-9b08-4e247befe382,james,Ego4D,chris,Doppelganger,chris,Villagers
45,game5 - 0c2659db-7bd4-4b37-9b08-4e247befe382,chris,Ego4D,sukeshi,Werewolf,chris,Villagers
46,game5 - 0c2659db-7bd4-4b37-9b08-4e247befe382,sukeshi,Ego4D,chris,Insomniac,chris,Villagers
47,game5 - 0c2659db-7bd4-4b37-9b08-4e247befe382,sian,Ego4D,chris,Villager,chris,Villagers
48,game6 - 0c2659db-7bd4-4b37-9b08-4e247befe382,elliot,Ego4D,james,Werewolf,sukeshi,Werewolves
49,game6 - 0c2659db-7bd4-4b37-9b08-4e247befe382,ashley,Ego4D,sukeshi,Robber,sukeshi,Werewolves
50,game6 - 0c2659db-7bd4-4b37-9b08-4e247befe382,james,Ego4D,sukeshi,Troublemaker,sukeshi,Werewolves
51,game6 - 0c2659db-7bd4-4b37-9b08-4e247befe382,chris,Ego4D,sukeshi,Seer,sukeshi,Werewolves
52,game6 - 0c2659db-7bd4-4b37-9b08-4e247befe382,sukeshi,Ego4D,sukeshi,Hunter,sukeshi,Werewolves
53,game6 - 0c2659db-7bd4-4b37-9b08-4e247befe382,sian,Ego4D,james,Tanner,sukeshi,Werewolves
54,game8 - 0c2659db-7bd4-4b37-9b08-4e247befe382,elliot,Ego4D,ashley,Werewolf,ashley,Werewolves
55,game8 - 0c2659db-7bd4-4b37-9b08-4e247befe382,ashley,Ego4D,ashley,Hunter,ashley,Werewolves
56,game8 - 0c2659db-7bd4-4b37-9b08-4e247befe382,james,Ego4D,ashley,Robber,ashley,Werewolves
57,game8 - 0c2659db-7bd4-4b37-9b08-4e247befe382,chris,Ego4D,ashley,Doppelganger,ashley,Werewolves
58,game8 - 0c2659db-7bd4-4b37-9b08-4e247befe382,sukeshi,Ego4D,ashley,Minion,ashley,Werewolves
59,game8 - 0c2659db-7bd4-4b37-9b08-4e247befe382,sian,Ego4D,james,Tanner,ashley,Werewolves
60,game9 - 0c2659db-7bd4-4b37-9b08-4e247befe382,elliot,Ego4D,elliot,Villager,elliot,Werewolves
61,game9 - 0c2659db-7bd4-4b37-9b08-4e247befe382,ashley,Ego4D,elliot,Hunter,elliot,Werewolves
62,game9 - 0c2659db-7bd4-4b37-9b08-4e247befe382,james,Ego4D,sukeshi,Villager,elliot,Werewolves
63,game9 - 0c2659db-7bd4-4b37-9b08-4e247befe382,chris,Ego4D,chris,Werewolf,elliot,Werewolves
64,game9 - 0c2659db-7bd4-4b37-9b08-4e247befe382,sukeshi,Ego4D,elliot,Robber,elliot,Werewolves
65,game9 - 0c2659db-7bd4-4b37-9b08-4e247befe382,sian,Ego4D,sukeshi,Seer,elliot,Werewolves
66,game1 - 324bccd2-adff-4e9a-8ff4-03491e144ac3,zack,Ego4D,jacob,Troublemaker,None,Werewolves
67,game1 - 324bccd2-adff-4e9a-8ff4-03491e144ac3,sean,Ego4D,sean,Villager,None,Werewolves
68,game1 - 324bccd2-adff-4e9a-8ff4-03491e144ac3,hunter,Ego4D,zack,Werewolf,None,Werewolves
69,game1 - 324bccd2-adff-4e9a-8ff4-03491e144ac3,jacob,Ego4D,hunter,Villager,None,Werewolves
70,game2 - 324bccd2-adff-4e9a-8ff4-03491e144ac3,zack,Ego4D,sean,Werewolf,sean,Werewolves
71,game2 - 324bccd2-adff-4e9a-8ff4-03491e144ac3,sean,Ego4D,jacob,Robber,sean,Werewolves
72,game2 - 324bccd2-adff-4e9a-8ff4-03491e144ac3,hunter,Ego4D,sean,Seer,sean,Werewolves
73,game2 - 324bccd2-adff-4e9a-8ff4-03491e144ac3,jacob,Ego4D,sean,Troublemaker,sean,Werewolves
74,game3 - 324bccd2-adff-4e9a-8ff4-03491e144ac3,zack,Ego4D,jacob,Seer,jacob,Villagers
75,game3 - 324bccd2-adff-4e9a-8ff4-03491e144ac3,sean,Ego4D,jacob,Troublemaker,jacob,Villagers
76,game3 - 324bccd2-adff-4e9a-8ff4-03491e144ac3,hunter,Ego4D,zack,Robber,jacob,Villagers
77,game3 - 324bccd2-adff-4e9a-8ff4-03491e144ac3,jacob,Ego4D,hunter,Werewolf,jacob,Villagers
78,game4 - 324bccd2-adff-4e9a-8ff4-03491e144ac3,zack,Ego4D,jacob,Troublemaker,hunter,Villagers
79,game4 - 324bccd2-adff-4e9a-8ff4-03491e144ac3,sean,Ego4D,hunter,Robber,hunter,Villagers
80,game4 - 324bccd2-adff-4e9a-8ff4-03491e144ac3,hunter,Ego4D,zack,Werewolf,hunter,Villagers
81,game4 - 324bccd2-adff-4e9a-8ff4-03491e144ac3,jacob,Ego4D,hunter,Werewolf,hunter,Villagers
82,game5 - 324bccd2-adff-4e9a-8ff4-03491e144ac3,zack,Ego4D,sean,Villager,sean,Villagers
83,game5 - 324bccd2-adff-4e9a-8ff4-03491e144ac3,sean,Ego4D,zack,Werewolf,sean,Villagers
84,game5 - 324bccd2-adff-4e9a-8ff4-03491e144ac3,hunter,Ego4D,sean,Troublemaker,sean,Villagers
85,game5 - 324bccd2-adff-4e9a-8ff4-03491e144ac3,jacob,Ego4D,jacob,Werewolf,sean,Villagers
86,game1 - 3ba069be-60fa-47fc-bd7b-f85bf649a5bd,kevin,Ego4D,,Werewolf,None,Werewolves
87,game1 - 3ba069be-60fa-47fc-bd7b-f85bf649a5bd,kaelan,Ego4D,,Robber,None,Werewolves
88,game1 - 3ba069be-60fa-47fc-bd7b-f85bf649a5bd,jessica,Ego4D,,Troublemaker,None,Werewolves
89,game1 - 3ba069be-60fa-47fc-bd7b-f85bf649a5bd,daniel,Ego4D,,Center card,None,Werewolves
90,game3 - 3ba069be-60fa-47fc-bd7b-f85bf649a5bd,kevin,Ego4D,,Doppleganger,None,Werewolves
91,game3 - 3ba069be-60fa-47fc-bd7b-f85bf649a5bd,kaelan,Ego4D,,Troublemaker,None,Werewolves
92,game3 - 3ba069be-60fa-47fc-bd7b-f85bf649a5bd,jessica,Ego4D,,Werewolf,None,Werewolves
93,game3 - 3ba069be-60fa-47fc-bd7b-f85bf649a5bd,daniel,Ego4D,,Minion,None,Werewolves
94,game1 - 0a6ef9dc-a2dc-452b-a907-d6fa2ed4cae0,erin,Ego4D,jack,Robber,None,Werewolves
95,game1 - 0a6ef9dc-a2dc-452b-a907-d6fa2ed4cae0,sebastian,Ego4D,sebastian,Seer,None,Werewolves
96,game1 - 0a6ef9dc-a2dc-452b-a907-d6fa2ed4cae0,jack,Ego4D,,Moderator,None,Werewolves
97,game1 - 0a6ef9dc-a2dc-452b-a907-d6fa2ed4cae0,brent,Ego4D,sebastian,Werewolf,None,Werewolves
98,game1 - 0a6ef9dc-a2dc-452b-a907-d6fa2ed4cae0,hailey,Ego4D,jack,Troublemaker,None,Werewolves
99,game2 - 0a6ef9dc-a2dc-452b-a907-d6fa2ed4cae0,erin,Ego4D,,Moderator,None,Werewolves
100,game2 - 0a6ef9dc-a2dc-452b-a907-d6fa2ed4cae0,sebastian,Ego4D,,Villager,None,Werewolves
101,game2 - 0a6ef9dc-a2dc-452b-a907-d6fa2ed4cae0,jack,Ego4D,,Werewolf,None,Werewolves
102,game2 - 0a6ef9dc-a2dc-452b-a907-d6fa2ed4cae0,brent,Ego4D,,Villager,None,Werewolves
103,game2 - 0a6ef9dc-a2dc-452b-a907-d6fa2ed4cae0,hailey,Ego4D,,Robber,None,Werewolves
104,game1 - 698f6bbe-4347-4a06-bd5d-3482f5e4fbbe,elliot,Ego4D,ashley,Werewolf,ashley,Villagers
105,game1 - 698f6bbe-4347-4a06-bd5d-3482f5e4fbbe,ashley,Ego4D,ashley,Werewolf,ashley,Villagers
106,game1 - 698f6bbe-4347-4a06-bd5d-3482f5e4fbbe,james,Ego4D,sukeshi,Robber,ashley,Villagers
107,game1 - 698f6bbe-4347-4a06-bd5d-3482f5e4fbbe,chris,Ego4D,ashley,Drunk,ashley,Villagers
108,game1 - 698f6bbe-4347-4a06-bd5d-3482f5e4fbbe,sukeshi,Ego4D,ashley,Troublemaker,ashley,Villagers
109,game1 - 698f6bbe-4347-4a06-bd5d-3482f5e4fbbe,sian,Ego4D,ashley,Seer,ashley,Villagers
110,game2 - 698f6bbe-4347-4a06-bd5d-3482f5e4fbbe,elliot,Ego4D,sian,Seer,None,Werewolves
111,game2 - 698f6bbe-4347-4a06-bd5d-3482f5e4fbbe,ashley,Ego4D,sian,Troublemaker,None,Werewolves
112,game2 - 698f6bbe-4347-4a06-bd5d-3482f5e4fbbe,james,Ego4D,sian,Hunter,None,Werewolves
113,game2 - 698f6bbe-4347-4a06-bd5d-3482f5e4fbbe,chris,Ego4D,james,Villager,None,Werewolves
114,game2 - 698f6bbe-4347-4a06-bd5d-3482f5e4fbbe,sukeshi,Ego4D,james,Werewolf,None,Werewolves
115,game2 - 698f6bbe-4347-4a06-bd5d-3482f5e4fbbe,sian,Ego4D,james,Robber,None,Werewolves
116,game7 - 1a0d3e22-a6d6-4723-91a0-52fc2c87d5ce,zack,Ego4D,sean,Seer,sean,Villagers
117,game7 - 1a0d3e22-a6d6-4723-91a0-52fc2c87d5ce,sean,Ego4D,zack,Werewolf,sean,Villagers
118,game7 - 1a0d3e22-a6d6-4723-91a0-52fc2c87d5ce,hunter,Ego4D,sean,Robber,sean,Villagers
119,game7 - 1a0d3e22-a6d6-4723-91a0-52fc2c87d5ce,jacob,Ego4D,sean,Troublemaker,sean,Villagers
120,game8 - 1a0d3e22-a6d6-4723-91a0-52fc2c87d5ce,zack,Ego4D,jacob,Werewolf,jacob,Werewolves
121,game8 - 1a0d3e22-a6d6-4723-91a0-52fc2c87d5ce,sean,Ego4D,jacob,Robber,jacob,Werewolves
122,game8 - 1a0d3e22-a6d6-4723-91a0-52fc2c87d5ce,hunter,Ego4D,jacob,Troublemaker,jacob,Werewolves
123,game8 - 1a0d3e22-a6d6-4723-91a0-52fc2c87d5ce,jacob,Ego4D,jacob,Villager,jacob,Werewolves
124,game9 - 1a0d3e22-a6d6-4723-91a0-52fc2c87d5ce,zack,Ego4D,sean,Werewolf,sean,Werewolves
125,game9 - 1a0d3e22-a6d6-4723-91a0-52fc2c87d5ce,sean,Ego4D,zack,Villager,sean,Werewolves
126,game9 - 1a0d3e22-a6d6-4723-91a0-52fc2c87d5ce,hunter,Ego4D,sean,Villager,sean,Werewolves
127,game9 - 1a0d3e22-a6d6-4723-91a0-52fc2c87d5ce,jacob,Ego4D,sean,Seer,sean,Werewolves
128,game10 - 1a0d3e22-a6d6-4723-91a0-52fc2c87d5ce,zack,Ego4D,zack,Villager,zack,Werewolves
129,game10 - 1a0d3e22-a6d6-4723-91a0-52fc2c87d5ce,sean,Ego4D,zack,Werewolf,zack,Werewolves
130,game10 - 1a0d3e22-a6d6-4723-91a0-52fc2c87d5ce,hunter,Ego4D,sean,Troublemaker,zack,Werewolves
131,game10 - 1a0d3e22-a6d6-4723-91a0-52fc2c87d5ce,jacob,Ego4D,zack,Werewolf,zack,Werewolves
132,game11 - 1a0d3e22-a6d6-4723-91a0-52fc2c87d5ce,zack,Ego4D,jacob,Drunk,jacob,Werewolves
133,game11 - 1a0d3e22-a6d6-4723-91a0-52fc2c87d5ce,sean,Ego4D,jacob,Werewolf,jacob,Werewolves
134,game11 - 1a0d3e22-a6d6-4723-91a0-52fc2c87d5ce,hunter,Ego4D,zack,Troublemaker,jacob,Werewolves
135,game11 - 1a0d3e22-a6d6-4723-91a0-52fc2c87d5ce,jacob,Ego4D,jacob,Villager,jacob,Werewolves
136,game3 - 64076f60-f3fc-4ee6-93e1-3489d8ec7b12,erin,Ego4D,sebastian,Troublemaker,None,Werewolves
137,game3 - 64076f60-f3fc-4ee6-93e1-3489d8ec7b12,sebastian,Ego4D,,Moderator,None,Werewolves
138,game3 - 64076f60-f3fc-4ee6-93e1-3489d8ec7b12,jack,Ego4D,sebastian,Robber,None,Werewolves
139,game3 - 64076f60-f3fc-4ee6-93e1-3489d8ec7b12,brent,Ego4D,jack,Werewolf,None,Werewolves
140,game3 - 64076f60-f3fc-4ee6-93e1-3489d8ec7b12,hailey,Ego4D,jack,Villager,None,Werewolves
141,game3 - ONE NIGHT ULTIMATE WEREWOLF 38  April 21st 2018,justin,Youtube,james,Werewolf,justin,Villagers
142,game3 - ONE NIGHT ULTIMATE WEREWOLF 38  April 21st 2018,caitlynn,Youtube,justin,Tanner,justin,Villagers
143,game3 - ONE NIGHT ULTIMATE WEREWOLF 38  April 21st 2018,mitchell,Youtube,james,Seer,justin,Villagers
144,game3 - ONE NIGHT ULTIMATE WEREWOLF 38  April 21st 2018,james,Youtube,justin,Robber,justin,Villagers
145,game3 - ONE NIGHT ULTIMATE WEREWOLF 38  April 21st 2018,mike,Youtube,justin,Werewolf,justin,Villagers
146,game4 - ONE NIGHT ULTIMATE WEREWOLF 38  April 21st 2018,justin,Youtube,mike,Werewolf,mike,Werewolves
147,game4 - ONE NIGHT ULTIMATE WEREWOLF 38  April 21st 2018,caitlynn,Youtube,mitchell,Robber,mike,Werewolves
148,game4 - ONE NIGHT ULTIMATE WEREWOLF 38  April 21st 2018,mitchell,Youtube,mike,Minion,mike,Werewolves
149,game4 - ONE NIGHT ULTIMATE WEREWOLF 38  April 21st 2018,james,Youtube,mike,Tanner,mike,Werewolves
150,game4 - ONE NIGHT ULTIMATE WEREWOLF 38  April 21st 2018,mike,Youtube,mitchell,Seer,mike,Werewolves
151,game1 - ONE NIGHT ULTIMATE WEREWOLF 62  March 23rd 2019,justin,Youtube,james,Werewolf,james,Werewolves
152,game1 - ONE NIGHT ULTIMATE WEREWOLF 62  March 23rd 2019,james,Youtube,paul,Seer,james,Werewolves
153,game1 - ONE NIGHT ULTIMATE WEREWOLF 62  March 23rd 2019,paul,Youtube,james,Tanner,james,Werewolves
154,game1 - ONE NIGHT ULTIMATE WEREWOLF 62  March 23rd 2019,mitchell,Youtube,justin,Troublemaker,james,Werewolves
155,game2 - ONE NIGHT ULTIMATE WEREWOLF 62  March 23rd 2019,justin,Youtube,paul,Seer,paul,Villagers
156,game2 - ONE NIGHT ULTIMATE WEREWOLF 62  March 23rd 2019,james,Youtube,paul,Troublemaker,paul,Villagers
157,game2 - ONE NIGHT ULTIMATE WEREWOLF 62  March 23rd 2019,paul,Youtube,justin,Werewolf,paul,Villagers
158,game2 - ONE NIGHT ULTIMATE WEREWOLF 62  March 23rd 2019,mitchell,Youtube,paul,Tanner,paul,Villagers
159,game2 - ONE NIGHT ULTIMATE WEREWOLF  Retro 5,justin,Youtube,mitchell,Villager,justin,Werewolves
160,game2 - ONE NIGHT ULTIMATE WEREWOLF  Retro 5,paul,Youtube,justin,Troublemaker,justin,Werewolves
161,game2 - ONE NIGHT ULTIMATE WEREWOLF  Retro 5,mitchell,Youtube,justin,Werewolf,justin,Werewolves
162,game3 - ONE NIGHT ULTIMATE WEREWOLF  Retro 5,justin,Youtube,paul,Troublemaker,paul,Villagers
163,game3 - ONE NIGHT ULTIMATE WEREWOLF  Retro 5,paul,Youtube,mitchell,Werewolf,paul,Villagers
164,game3 - ONE NIGHT ULTIMATE WEREWOLF  Retro 5,mitchell,Youtube,paul,Seer,paul,Villagers
165,game5 - ONE NIGHT ULTIMATE WEREWOLF  Retro 5,justin,Youtube,mitchell,Werewolf,mitchell,Werewolves
166,game5 - ONE NIGHT ULTIMATE WEREWOLF  Retro 5,paul,Youtube,mitchell,Werewolf,mitchell,Werewolves
167,game5 - ONE NIGHT ULTIMATE WEREWOLF  Retro 5,mitchell,Youtube,justin,Insomniac,mitchell,Werewolves
168,game6 - ONE NIGHT ULTIMATE WEREWOLF  Retro 5,justin,Youtube,mitchell,Werewolf,mitchell,Werewolves
169,game6 - ONE NIGHT ULTIMATE WEREWOLF  Retro 5,paul,Youtube,mitchell,Werewolf,mitchell,Werewolves
170,game6 - ONE NIGHT ULTIMATE WEREWOLF  Retro 5,mitchell,Youtube,paul,Insomniac,mitchell,Werewolves
171,game7 - ONE NIGHT ULTIMATE WEREWOLF  Retro 5,justin,Youtube,paul,Insomniac,None,Werewolves
172,game7 - ONE NIGHT ULTIMATE WEREWOLF  Retro 5,paul,Youtube,mitchell,Werewolf,None,Werewolves
173,game7 - ONE NIGHT ULTIMATE WEREWOLF  Retro 5,mitchell,Youtube,justin,Troublemaker,None,Werewolves
174,game8 - ONE NIGHT ULTIMATE WEREWOLF  Retro 5,justin,Youtube,mitchell,Werewolf,mitchell,Werewolves
175,game8 - ONE NIGHT ULTIMATE WEREWOLF  Retro 5,paul,Youtube,mitchell,Werewolf,mitchell,Werewolves
176,game8 - ONE NIGHT ULTIMATE WEREWOLF  Retro 5,mitchell,Youtube,paul,Tanner,mitchell,Werewolves
177,game1 - ONE NIGHT ULTIMATE WEREWOLF 43  October 13th 2018,justin,Youtube,mitchell,Robber,None,Werewolves
178,game1 - ONE NIGHT ULTIMATE WEREWOLF 43  October 13th 2018,mitchell,Youtube,mike,Werewolf,None,Werewolves
179,game1 - ONE NIGHT ULTIMATE WEREWOLF 43  October 13th 2018,paul,Youtube,mike,Tanner,None,Werewolves
180,game1 - ONE NIGHT ULTIMATE WEREWOLF 43  October 13th 2018,mike,Youtube,mitchell,Troublemaker,None,Werewolves
181,game3 - ONE NIGHT ULTIMATE WEREWOLF 43  October 13th 2018,justin,Youtube,paul,Tanner,paul,Werewolves
182,game3 - ONE NIGHT ULTIMATE WEREWOLF 43  October 13th 2018,mitchell,Youtube,paul,Troublemaker,paul,Werewolves
183,game3 - ONE NIGHT ULTIMATE WEREWOLF 43  October 13th 2018,paul,Youtube,mike,Robber,paul,Werewolves
184,game3 - ONE NIGHT ULTIMATE WEREWOLF 43  October 13th 2018,mike,Youtube,paul,Werewolf,paul,Werewolves
185,game4 - ONE NIGHT ULTIMATE WEREWOLF 43  October 13th 2018,justin,Youtube,paul,Troublemaker,paul,Villagers
186,game4 - ONE NIGHT ULTIMATE WEREWOLF 43  October 13th 2018,mitchell,Youtube,paul,Tanner,paul,Villagers
187,game4 - ONE NIGHT ULTIMATE WEREWOLF 43  October 13th 2018,paul,Youtube,mike,Werewolf,paul,Villagers
188,game4 - ONE NIGHT ULTIMATE WEREWOLF 43  October 13th 2018,mike,Youtube,paul,Robber,paul,Villagers
189,game1 - ONE NIGHT ULTIMATE WEREWOLF 7  November 6th 2016,caitlynn,Youtube,alana,Troublemaker,alana,Villagers
190,game1 - ONE NIGHT ULTIMATE WEREWOLF 7  November 6th 2016,mitchell,Youtube,alana,Robber,alana,Villagers
191,game1 - ONE NIGHT ULTIMATE WEREWOLF 7  November 6th 2016,alana,Youtube,,Werewolf,alana,Villagers
192,game1 - ONE NIGHT ULTIMATE WEREWOLF 7  November 6th 2016,mike,Youtube,alana,Villager,alana,Villagers
193,game2 - ONE NIGHT ULTIMATE WEREWOLF 7  November 6th 2016,caitlynn,Youtube,alana,Tanner,caitlynn,Werewolves
194,game2 - ONE NIGHT ULTIMATE WEREWOLF 7  November 6th 2016,mitchell,Youtube,caitlynn,Seer,caitlynn,Werewolves
195,game2 - ONE NIGHT ULTIMATE WEREWOLF 7  November 6th 2016,alana,Youtube,caitlynn,Werewolf,caitlynn,Werewolves
196,game2 - ONE NIGHT ULTIMATE WEREWOLF 7  November 6th 2016,mike,Youtube,caitlynn,Robber,caitlynn,Werewolves
197,game3 - ONE NIGHT ULTIMATE WEREWOLF 7  November 6th 2016,caitlynn,Youtube,alana,Werewolf,None,Werewolves
198,game3 - ONE NIGHT ULTIMATE WEREWOLF 7  November 6th 2016,mitchell,Youtube,alana,Werewolf,None,Werewolves
199,game3 - ONE NIGHT ULTIMATE WEREWOLF 7  November 6th 2016,alana,Youtube,mitchell,Troublemaker,None,Werewolves
200,game3 - ONE NIGHT ULTIMATE WEREWOLF 7  November 6th 2016,mike,Youtube,mitchell,Tanner,None,Werewolves
201,game4 - ONE NIGHT ULTIMATE WEREWOLF 7  November 6th 2016,caitlynn,Youtube,alana,Werewolf,caitlynn,Villagers
202,game4 - ONE NIGHT ULTIMATE WEREWOLF 7  November 6th 2016,mitchell,Youtube,caitlynn,Werewolf,caitlynn,Villagers
203,game4 - ONE NIGHT ULTIMATE WEREWOLF 7  November 6th 2016,alana,Youtube,caitlynn,Troublemaker,caitlynn,Villagers
204,game4 - ONE NIGHT ULTIMATE WEREWOLF 7  November 6th 2016,mike,Youtube,mitchell,Tanner,caitlynn,Villagers
205,game1 - Ye Olde Times  ONE NIGHT ULTIMATE WEREWOLF  Retro 8,justin,Youtube,mitchell,Werewolf,mitchell,Werewolves
206,game1 - Ye Olde Times  ONE NIGHT ULTIMATE WEREWOLF  Retro 8,eric,Youtube,mitchell,Seer,mitchell,Werewolves
207,game1 - Ye Olde Times  ONE NIGHT ULTIMATE WEREWOLF  Retro 8,paul,Youtube,mitchell,Troublemaker,mitchell,Werewolves
208,game1 - Ye Olde Times  ONE NIGHT ULTIMATE WEREWOLF  Retro 8,mitchell,Youtube,justin,Hunter,mitchell,Werewolves
209,game1 - Ye Olde Times  ONE NIGHT ULTIMATE WEREWOLF  Retro 8,mike,Youtube,mitchell,Robber,mitchell,Werewolves
210,game3 - Ye Olde Times  ONE NIGHT ULTIMATE WEREWOLF  Retro 8,justin,Youtube,paul,Hunter,paul,Villagers
211,game3 - Ye Olde Times  ONE NIGHT ULTIMATE WEREWOLF  Retro 8,eric,Youtube,paul,Troublemaker,paul,Villagers
212,game3 - Ye Olde Times  ONE NIGHT ULTIMATE WEREWOLF  Retro 8,paul,Youtube,justin,Werewolf,paul,Villagers
213,game3 - Ye Olde Times  ONE NIGHT ULTIMATE WEREWOLF  Retro 8,mitchell,Youtube,mike,Insomniac,paul,Villagers
214,game3 - Ye Olde Times  ONE NIGHT ULTIMATE WEREWOLF  Retro 8,mike,Youtube,paul,Seer,paul,Villagers
215,game4 - Ye Olde Times  ONE NIGHT ULTIMATE WEREWOLF  Retro 8,justin,Youtube,eric,Werewolf,eric,Werewolves
216,game4 - Ye Olde Times  ONE NIGHT ULTIMATE WEREWOLF  Retro 8,eric,Youtube,mitchell,Hunter,eric,Werewolves
217,game4 - Ye Olde Times  ONE NIGHT ULTIMATE WEREWOLF  Retro 8,paul,Youtube,justin,Tanner,eric,Werewolves
218,game4 - Ye Olde Times  ONE NIGHT ULTIMATE WEREWOLF  Retro 8,mitchell,Youtube,eric,Robber,eric,Werewolves
219,game4 - Ye Olde Times  ONE NIGHT ULTIMATE WEREWOLF  Retro 8,mike,Youtube,eric,Troublemaker,eric,Werewolves
220,game2 - One Night Ultimate Werewolf GAME NIGHT!!,eric,Youtube,shane,Robber,shane,Villagers
221,game2 - One Night Ultimate Werewolf GAME NIGHT!!,shane,Youtube,shane,Werewolf,shane,Villagers
222,game2 - One Night Ultimate Werewolf GAME NIGHT!!,calvin,Youtube,shane,Villager,shane,Villagers
223,game2 - One Night Ultimate Werewolf GAME NIGHT!!,aaron,Youtube,shane,Seer,shane,Villagers
224,game2 - One Night Ultimate Werewolf GAME NIGHT!!,rick,Youtube,shane,Villager,shane,Villagers
225,game1 - ONE NIGHT ULTIMATE WEREWOLF 8  November 6th 2016,matt,Youtube,caitlynn,Robber,None,Werewolves
226,game1 - ONE NIGHT ULTIMATE WEREWOLF 8  November 6th 2016,caitlynn,Youtube,mitchell,Werewolf,None,Werewolves
227,game1 - ONE NIGHT ULTIMATE WEREWOLF 8  November 6th 2016,mitchell,Youtube,alana,Tanner,None,Werewolves
228,game1 - ONE NIGHT ULTIMATE WEREWOLF 8  November 6th 2016,alana,Youtube,mike,Insomniac,None,Werewolves
229,game1 - ONE NIGHT ULTIMATE WEREWOLF 8  November 6th 2016,mike,Youtube,matt,Troublemaker,None,Werewolves
230,game4 - ONE NIGHT ULTIMATE WEREWOLF 8  November 6th 2016,matt,Youtube,mitchell,Tanner,mitchell,Villagers
231,game4 - ONE NIGHT ULTIMATE WEREWOLF 8  November 6th 2016,caitlynn,Youtube,mitchell,Seer,mitchell,Villagers
232,game4 - ONE NIGHT ULTIMATE WEREWOLF 8  November 6th 2016,mitchell,Youtube,alana,Werewolf,mitchell,Villagers
233,game4 - ONE NIGHT ULTIMATE WEREWOLF 8  November 6th 2016,alana,Youtube,mitchell,Insomniac,mitchell,Villagers
234,game4 - ONE NIGHT ULTIMATE WEREWOLF 8  November 6th 2016,mike,Youtube,mitchell,Troublemaker,mitchell,Villagers
235,game5 - The Return of the King  ONE NIGHT ULTIMATE WEREWOLF,justin,Youtube,mitchell,Tanner,mitchell,Villagers
236,game5 - The Return of the King  ONE NIGHT ULTIMATE WEREWOLF,mitchell,Youtube,justin,Werewolf,mitchell,Villagers
237,game5 - The Return of the King  ONE NIGHT ULTIMATE WEREWOLF,paul,Youtube,mitchell,Troublemaker,mitchell,Villagers
238,game5 - The Return of the King  ONE NIGHT ULTIMATE WEREWOLF,james,Youtube,mitchell,Seer,mitchell,Villagers
239,game5 - The Return of the King  ONE NIGHT ULTIMATE WEREWOLF,tyler,Youtube,paul,Werewolf,mitchell,Villagers
240,game6 - The Return of the King  ONE NIGHT ULTIMATE WEREWOLF,justin,Youtube,mitchell,Tanner,mitchell,Werewolves
241,game6 - The Return of the King  ONE NIGHT ULTIMATE WEREWOLF,mitchell,Youtube,paul,Robber,mitchell,Werewolves
242,game6 - The Return of the King  ONE NIGHT ULTIMATE WEREWOLF,paul,Youtube,mitchell,Werewolf,mitchell,Werewolves
243,game6 - The Return of the King  ONE NIGHT ULTIMATE WEREWOLF,james,Youtube,mitchell,Werewolf,mitchell,Werewolves
244,game6 - The Return of the King  ONE NIGHT ULTIMATE WEREWOLF,tyler,Youtube,paul,Seer,mitchell,Werewolves
245,game7 - The Return of the King  ONE NIGHT ULTIMATE WEREWOLF,justin,Youtube,paul,Robber,None,Werewolves
246,game7 - The Return of the King  ONE NIGHT ULTIMATE WEREWOLF,mitchell,Youtube,justin,Minion,None,Werewolves
247,game7 - The Return of the King  ONE NIGHT ULTIMATE WEREWOLF,paul,Youtube,tyler,Werewolf,None,Werewolves
248,game7 - The Return of the King  ONE NIGHT ULTIMATE WEREWOLF,james,Youtube,paul,Troublemaker,None,Werewolves
249,game7 - The Return of the King  ONE NIGHT ULTIMATE WEREWOLF,tyler,Youtube,justin,Tanner,None,Werewolves
250,game3 - ONE NIGHT ULTIMATE WEREWOLF 55  January 26th 2019,justin,Youtube,mitchell,Werewolf,mitchell,Werewolves
251,game3 - ONE NIGHT ULTIMATE WEREWOLF 55  January 26th 2019,caitlynn,Youtube,mitchell,Werewolf,mitchell,Werewolves
252,game3 - ONE NIGHT ULTIMATE WEREWOLF 55  January 26th 2019,mitchell,Youtube,justin,Insomniac,mitchell,Werewolves
253,game3 - ONE NIGHT ULTIMATE WEREWOLF 55  January 26th 2019,brad,Youtube,mitchell,Tanner,mitchell,Werewolves
254,game3 - ONE NIGHT ULTIMATE WEREWOLF 55  January 26th 2019,mike,Youtube,justin,Seer,mitchell,Werewolves
255,game10 - ONE NIGHT ULTIMATE WEREWOLF  Retro 4,justin,Youtube,mitchell,Werewolf,mitchell,Werewolves
256,game10 - ONE NIGHT ULTIMATE WEREWOLF  Retro 4,caitlynn,Youtube,mitchell,Troublemaker,mitchell,Werewolves
257,game10 - ONE NIGHT ULTIMATE WEREWOLF  Retro 4,mike,Youtube,mitchell,Werewolf,mitchell,Werewolves
258,game10 - ONE NIGHT ULTIMATE WEREWOLF  Retro 4,james,Youtube,mitchell,Seer,mitchell,Werewolves
259,game10 - ONE NIGHT ULTIMATE WEREWOLF  Retro 4,mitchell,Youtube,mitchell,Robber,mitchell,Werewolves
260,game11 - ONE NIGHT ULTIMATE WEREWOLF  Retro 4,justin,Youtube,caitlynn,Werewolf,justin,Villagers
261,game11 - ONE NIGHT ULTIMATE WEREWOLF  Retro 4,caitlynn,Youtube,justin,Minion,justin,Villagers
262,game11 - ONE NIGHT ULTIMATE WEREWOLF  Retro 4,mike,Youtube,justin,Robber,justin,Villagers
263,game11 - ONE NIGHT ULTIMATE WEREWOLF  Retro 4,james,Youtube,justin,Troublemaker,justin,Villagers
264,game11 - ONE NIGHT ULTIMATE WEREWOLF  Retro 4,mitchell,Youtube,justin,Insomniac,justin,Villagers
265,game3 - ONE NIGHT ULTIMATE WEREWOLF  Retro 4,justin,Youtube,mitchell,Troublemaker,mitchell,Villagers
266,game3 - ONE NIGHT ULTIMATE WEREWOLF  Retro 4,caitlynn,Youtube,mitchell,Werewolf,mitchell,Villagers
267,game3 - ONE NIGHT ULTIMATE WEREWOLF  Retro 4,mike,Youtube,mitchell,Insomniac,mitchell,Villagers
268,game3 - ONE NIGHT ULTIMATE WEREWOLF  Retro 4,james,Youtube,mitchell,Seer,mitchell,Villagers
269,game3 - ONE NIGHT ULTIMATE WEREWOLF  Retro 4,mitchell,Youtube,mitchell,Werewolf,mitchell,Villagers
270,game4 - ONE NIGHT ULTIMATE WEREWOLF  Retro 4,justin,Youtube,mitchell,Werewolf,mitchell,Werewolves
271,game4 - ONE NIGHT ULTIMATE WEREWOLF  Retro 4,caitlynn,Youtube,mitchell,Minion,mitchell,Werewolves
272,game4 - ONE NIGHT ULTIMATE WEREWOLF  Retro 4,mike,Youtube,justin,Insomniac,mitchell,Werewolves
273,game4 - ONE NIGHT ULTIMATE WEREWOLF  Retro 4,james,Youtube,mitchell,Troublemaker,mitchell,Werewolves
274,game4 - ONE NIGHT ULTIMATE WEREWOLF  Retro 4,mitchell,Youtube,justin,Robber,mitchell,Werewolves
275,game5 - ONE NIGHT ULTIMATE WEREWOLF  Retro 4,justin,Youtube,james,Robber,james,Villagers
276,game5 - ONE NIGHT ULTIMATE WEREWOLF  Retro 4,caitlynn,Youtube,james,Minion,james,Villagers
277,game5 - ONE NIGHT ULTIMATE WEREWOLF  Retro 4,mike,Youtube,james,Seer,james,Villagers
278,game5 - ONE NIGHT ULTIMATE WEREWOLF  Retro 4,james,Youtube,,Werewolf,james,Villagers
279,game5 - ONE NIGHT ULTIMATE WEREWOLF  Retro 4,mitchell,Youtube,james,Insomniac,james,Villagers
280,game6 - ONE NIGHT ULTIMATE WEREWOLF  Retro 4,justin,Youtube,mitchell,Insomniac,mitchell,Werewolves
281,game6 - ONE NIGHT ULTIMATE WEREWOLF  Retro 4,caitlynn,Youtube,mitchell,Drunk,mitchell,Werewolves
282,game6 - ONE NIGHT ULTIMATE WEREWOLF  Retro 4,mike,Youtube,mitchell,Troublemaker,mitchell,Werewolves
283,game6 - ONE NIGHT ULTIMATE WEREWOLF  Retro 4,james,Youtube,mitchell,Minion,mitchell,Werewolves
284,game6 - ONE NIGHT ULTIMATE WEREWOLF  Retro 4,mitchell,Youtube,mitchell,Robber,mitchell,Werewolves
285,game9 - ONE NIGHT ULTIMATE WEREWOLF  Retro 4,justin,Youtube,,Minion,justin,Werewolves
286,game9 - ONE NIGHT ULTIMATE WEREWOLF  Retro 4,caitlynn,Youtube,justin,Werewolf,justin,Werewolves
287,game9 - ONE NIGHT ULTIMATE WEREWOLF  Retro 4,mike,Youtube,justin,Seer,justin,Werewolves
288,game9 - ONE NIGHT ULTIMATE WEREWOLF  Retro 4,james,Youtube,justin,Werewolf,justin,Werewolves
289,game9 - ONE NIGHT ULTIMATE WEREWOLF  Retro 4,mitchell,Youtube,justin,Insomniac,justin,Werewolves
290,game1 - One Night Ultimate Werewolf 2 The Drunk,dan,Youtube,audrey,Werewolf,dan,Villagers
291,game1 - One Night Ultimate Werewolf 2 The Drunk,ed,Youtube,dan,Seer,dan,Villagers
292,game1 - One Night Ultimate Werewolf 2 The Drunk,katie,Youtube,audrey,Werewolf,dan,Villagers
293,game1 - One Night Ultimate Werewolf 2 The Drunk,brett,Youtube,dan,Troublemaker,dan,Villagers
294,game1 - One Night Ultimate Werewolf 2 The Drunk,audrey,Youtube,dan,Villager,dan,Villagers
295,game1 - One Night Ultimate Werewolf 2 The Drunk,dylan,Youtube,dan,Mason,dan,Villagers
296,game2 - ONE NIGHT ULTIMATE WEREWOLF 30  February 17th 2018,justin,Youtube,mitchell,Robber,mike,Werewolves
297,game2 - ONE NIGHT ULTIMATE WEREWOLF 30  February 17th 2018,caitlynn,Youtube,mike,Insomniac,mike,Werewolves
298,game2 - ONE NIGHT ULTIMATE WEREWOLF 30  February 17th 2018,paul,Youtube,mike,Werewolf,mike,Werewolves
299,game2 - ONE NIGHT ULTIMATE WEREWOLF 30  February 17th 2018,alysha,Youtube,justin,Seer,mike,Werewolves
300,game2 - ONE NIGHT ULTIMATE WEREWOLF 30  February 17th 2018,mitchell,Youtube,mike,Werewolf,mike,Werewolves
301,game2 - ONE NIGHT ULTIMATE WEREWOLF 30  February 17th 2018,mike,Youtube,caitlynn,Tanner,mike,Werewolves
302,game4 - ONE NIGHT ULTIMATE WEREWOLF 30  February 17th 2018,justin,Youtube,alysha,Minion,alysha,Werewolves
303,game4 - ONE NIGHT ULTIMATE WEREWOLF 30  February 17th 2018,caitlynn,Youtube,alysha,Seer,alysha,Werewolves
304,game4 - ONE NIGHT ULTIMATE WEREWOLF 30  February 17th 2018,paul,Youtube,alysha,Werewolf,alysha,Werewolves
305,game4 - ONE NIGHT ULTIMATE WEREWOLF 30  February 17th 2018,alysha,Youtube,alysha,Tanner,alysha,Werewolves
306,game4 - ONE NIGHT ULTIMATE WEREWOLF 30  February 17th 2018,mitchell,Youtube,caitlynn,Troublemaker,alysha,Werewolves
307,game4 - ONE NIGHT ULTIMATE WEREWOLF 30  February 17th 2018,mike,Youtube,alysha,Robber,alysha,Werewolves
308,game2 - One Night Ultimate Love Letter  ONE NIGHT ULTIMATE WEREWOLF,justin,Youtube,mitchell,Troublemaker,None,Werewolves
309,game2 - One Night Ultimate Love Letter  ONE NIGHT ULTIMATE WEREWOLF,mitchell,Youtube,justin,Werewolf,None,Werewolves
310,game2 - One Night Ultimate Love Letter  ONE NIGHT ULTIMATE WEREWOLF,paul,Youtube,justin,Werewolf,None,Werewolves
311,game2 - One Night Ultimate Love Letter  ONE NIGHT ULTIMATE WEREWOLF,tyler,Youtube,mitchell,Seer,None,Werewolves
312,game3 - One Night Ultimate Love Letter  ONE NIGHT ULTIMATE WEREWOLF,justin,Youtube,paul,Werewolf,None,Werewolves
313,game3 - One Night Ultimate Love Letter  ONE NIGHT ULTIMATE WEREWOLF,mitchell,Youtube,justin,Seer,None,Werewolves
314,game3 - One Night Ultimate Love Letter  ONE NIGHT ULTIMATE WEREWOLF,paul,Youtube,justin,Troublemaker,None,Werewolves
315,game3 - One Night Ultimate Love Letter  ONE NIGHT ULTIMATE WEREWOLF,tyler,Youtube,paul,Werewolf,None,Werewolves
316,game7 - One Night Ultimate Love Letter  ONE NIGHT ULTIMATE WEREWOLF,justin,Youtube,paul,Werewolf,justin,Villagers
317,game7 - One Night Ultimate Love Letter  ONE NIGHT ULTIMATE WEREWOLF,mitchell,Youtube,justin,Tanner,justin,Villagers
318,game7 - One Night Ultimate Love Letter  ONE NIGHT ULTIMATE WEREWOLF,paul,Youtube,justin,Troublemaker,justin,Villagers
319,game7 - One Night Ultimate Love Letter  ONE NIGHT ULTIMATE WEREWOLF,tyler,Youtube,justin,Drunk,justin,Villagers
320,game1 - One Night Ultimate Werewolf 382 Game 100!!,ed,Youtube,dustin,Seer,dylan,Werewolves
321,game1 - One Night Ultimate Werewolf 382 Game 100!!,dustin,Youtube,dylan,Werewolf,dylan,Werewolves
322,game1 - One Night Ultimate Werewolf 382 Game 100!!,katie,Youtube,brett,Tanner,dylan,Werewolves
323,game1 - One Night Ultimate Werewolf 382 Game 100!!,brett,Youtube,dylan,Troublemaker,dylan,Werewolves
324,game1 - One Night Ultimate Werewolf 382 Game 100!!,kelsey,Youtube,ed,Robber,dylan,Werewolves
325,game1 - One Night Ultimate Werewolf 382 Game 100!!,dylan,Youtube,katie,Insomniac,dylan,Werewolves
326,game1 - ONE NIGHT ULTIMATE WEREWOLF 5  October 29th 2016,mitchell,Youtube,mike,Insomniac,mike,Werewolves
327,game1 - ONE NIGHT ULTIMATE WEREWOLF 5  October 29th 2016,chris,Youtube,mike,Werewolf,mike,Werewolves
328,game1 - ONE NIGHT ULTIMATE WEREWOLF 5  October 29th 2016,caitlynn,Youtube,mike,Troublemaker,mike,Werewolves
329,game1 - ONE NIGHT ULTIMATE WEREWOLF 5  October 29th 2016,mike,Youtube,mitchell,Robber,mike,Werewolves
330,game1 - ONE NIGHT ULTIMATE WEREWOLF 44  October 13th 2018,justin,Youtube,mitchell,Werewolf,justin,Villagers
331,game1 - ONE NIGHT ULTIMATE WEREWOLF 44  October 13th 2018,mitchell,Youtube,justin,Seer,justin,Villagers
332,game1 - ONE NIGHT ULTIMATE WEREWOLF 44  October 13th 2018,paul,Youtube,justin,Tanner,justin,Villagers
333,game1 - ONE NIGHT ULTIMATE WEREWOLF 44  October 13th 2018,mike,Youtube,justin,Insomniac,justin,Villagers
334,game2 - ONE NIGHT ULTIMATE WEREWOLF 44  October 13th 2018,justin,Youtube,mitchell,Werewolf,None,Werewolves
335,game2 - ONE NIGHT ULTIMATE WEREWOLF 44  October 13th 2018,mitchell,Youtube,justin,Tanner,None,Werewolves
336,game2 - ONE NIGHT ULTIMATE WEREWOLF 44  October 13th 2018,paul,Youtube,mitchell,Troublemaker,None,Werewolves
337,game2 - ONE NIGHT ULTIMATE WEREWOLF 44  October 13th 2018,mike,Youtube,justin,Robber,None,Werewolves
338,game5 - ONE NIGHT ULTIMATE WEREWOLF 44  October 13th 2018,justin,Youtube,mitchell,Robber,mitchell,Werewolves
339,game5 - ONE NIGHT ULTIMATE WEREWOLF 44  October 13th 2018,mitchell,Youtube,mike,Troublemaker,mitchell,Werewolves
340,game5 - ONE NIGHT ULTIMATE WEREWOLF 44  October 13th 2018,paul,Youtube,mitchell,Seer,mitchell,Werewolves
341,game5 - ONE NIGHT ULTIMATE WEREWOLF 44  October 13th 2018,mike,Youtube,mitchell,Werewolf,mitchell,Werewolves
342,game1 - One Night Ultimate Werewolf 3 Insomniac,dan,Youtube,brett,Troublemaker,brett,Villagers
343,game1 - One Night Ultimate Werewolf 3 Insomniac,ed,Youtube,brett,Mason,brett,Villagers
344,game1 - One Night Ultimate Werewolf 3 Insomniac,katie,Youtube,brett,Insomniac,brett,Villagers
345,game1 - One Night Ultimate Werewolf 3 Insomniac,brett,Youtube,dan,Werewolf,brett,Villagers
346,game1 - One Night Ultimate Werewolf 3 Insomniac,audrey,Youtube,brett,Seer,brett,Villagers
347,game1 - One Night Ultimate Werewolf 3 Insomniac,dylan,Youtube,dan,Robber,brett,Villagers
348,game2 - ONE NIGHT ULTIMATE WEREWOLF  Retro 3,justin,Youtube,mike,Villager,mike,Werewolves
349,game2 - ONE NIGHT ULTIMATE WEREWOLF  Retro 3,mike,Youtube,justin,Villager,mike,Werewolves
350,game2 - ONE NIGHT ULTIMATE WEREWOLF  Retro 3,james,Youtube,mike,Robber,mike,Werewolves
351,game2 - ONE NIGHT ULTIMATE WEREWOLF  Retro 3,mitchell,Youtube,mike,Werewolf,mike,Werewolves
352,game4 - ONE NIGHT ULTIMATE WEREWOLF  Retro 3,justin,Youtube,mitchell,Insomniac,mitchell,Werewolves
353,game4 - ONE NIGHT ULTIMATE WEREWOLF  Retro 3,mike,Youtube,justin,Werewolf,mitchell,Werewolves
354,game4 - ONE NIGHT ULTIMATE WEREWOLF  Retro 3,james,Youtube,mitchell,Villager,mitchell,Werewolves
355,game4 - ONE NIGHT ULTIMATE WEREWOLF  Retro 3,mitchell,Youtube,mike,Tanner,mitchell,Werewolves
356,game5 - ONE NIGHT ULTIMATE WEREWOLF  Retro 3,justin,Youtube,mitchell,Troublemaker,mitchell,Werewolves
357,game5 - ONE NIGHT ULTIMATE WEREWOLF  Retro 3,mike,Youtube,mitchell,Werewolf,mitchell,Werewolves
358,game5 - ONE NIGHT ULTIMATE WEREWOLF  Retro 3,james,Youtube,mitchell,Villager,mitchell,Werewolves
359,game5 - ONE NIGHT ULTIMATE WEREWOLF  Retro 3,mitchell,Youtube,justin,Insomniac,mitchell,Werewolves
360,game6 - ONE NIGHT ULTIMATE WEREWOLF  Retro 3,justin,Youtube,mike,Insomniac,mike,Villagers
361,game6 - ONE NIGHT ULTIMATE WEREWOLF  Retro 3,mike,Youtube,james,Werewolf,mike,Villagers
362,game6 - ONE NIGHT ULTIMATE WEREWOLF  Retro 3,james,Youtube,justin,Troublemaker,mike,Villagers
363,game6 - ONE NIGHT ULTIMATE WEREWOLF  Retro 3,mitchell,Youtube,mike,Tanner,mike,Villagers
364,game7 - ONE NIGHT ULTIMATE WEREWOLF  Retro 3,justin,Youtube,mitchell,Tanner,mitchell,Villagers
365,game7 - ONE NIGHT ULTIMATE WEREWOLF  Retro 3,mike,Youtube,mitchell,Troublemaker,mitchell,Villagers
366,game7 - ONE NIGHT ULTIMATE WEREWOLF  Retro 3,james,Youtube,mitchell,Seer,mitchell,Villagers
367,game7 - ONE NIGHT ULTIMATE WEREWOLF  Retro 3,mitchell,Youtube,mike,Werewolf,mitchell,Villagers
368,game1 - Visions from 2016  ONE NIGHT ULTIMATE WEREWOLF  Retro 11,justin,Youtube,paul,Werewolf,james,Werewolves
369,game1 - Visions from 2016  ONE NIGHT ULTIMATE WEREWOLF  Retro 11,laura,Youtube,james,Insomniac,james,Werewolves
370,game1 - Visions from 2016  ONE NIGHT ULTIMATE WEREWOLF  Retro 11,paul,Youtube,james,Seer,james,Werewolves
371,game1 - Visions from 2016  ONE NIGHT ULTIMATE WEREWOLF  Retro 11,james,Youtube,mitchell,Tanner,james,Werewolves
372,game1 - Visions from 2016  ONE NIGHT ULTIMATE WEREWOLF  Retro 11,mitchell,Youtube,james,Robber,james,Werewolves
373,game2 - Visions from 2016  ONE NIGHT ULTIMATE WEREWOLF  Retro 11,justin,Youtube,laura,Werewolf,justin,Villagers
374,game2 - Visions from 2016  ONE NIGHT ULTIMATE WEREWOLF  Retro 11,laura,Youtube,paul,Insomniac,justin,Villagers
375,game2 - Visions from 2016  ONE NIGHT ULTIMATE WEREWOLF  Retro 11,paul,Youtube,justin,Tanner,justin,Villagers
376,game2 - Visions from 2016  ONE NIGHT ULTIMATE WEREWOLF  Retro 11,james,Youtube,mitchell,Troublemaker,justin,Villagers
377,game2 - Visions from 2016  ONE NIGHT ULTIMATE WEREWOLF  Retro 11,mitchell,Youtube,justin,Mason,justin,Villagers
378,game3 - Visions from 2016  ONE NIGHT ULTIMATE WEREWOLF  Retro 11,justin,Youtube,laura,Tanner,paul,Werewolves
379,game3 - Visions from 2016  ONE NIGHT ULTIMATE WEREWOLF  Retro 11,laura,Youtube,paul,Werewolf,paul,Werewolves
380,game3 - Visions from 2016  ONE NIGHT ULTIMATE WEREWOLF  Retro 11,paul,Youtube,laura,Mason,paul,Werewolves
381,game3 - Visions from 2016  ONE NIGHT ULTIMATE WEREWOLF  Retro 11,james,Youtube,paul,Werewolf,paul,Werewolves
382,game3 - Visions from 2016  ONE NIGHT ULTIMATE WEREWOLF  Retro 11,mitchell,Youtube,paul,Hunter,paul,Werewolves
383,game4 - Visions from 2016  ONE NIGHT ULTIMATE WEREWOLF  Retro 11,justin,Youtube,paul,Troublemaker,paul,Villagers
384,game4 - Visions from 2016  ONE NIGHT ULTIMATE WEREWOLF  Retro 11,laura,Youtube,paul,Hunter,paul,Villagers
385,game4 - Visions from 2016  ONE NIGHT ULTIMATE WEREWOLF  Retro 11,paul,Youtube,justin,Werewolf,paul,Villagers
386,game4 - Visions from 2016  ONE NIGHT ULTIMATE WEREWOLF  Retro 11,james,Youtube,paul,Tanner,paul,Villagers
387,game4 - Visions from 2016  ONE NIGHT ULTIMATE WEREWOLF  Retro 11,mitchell,Youtube,paul,Mason,paul,Villagers
388,game5 - Visions from 2016  ONE NIGHT ULTIMATE WEREWOLF  Retro 11,justin,Youtube,mitchell,Tanner,justin,Werewolves
389,game5 - Visions from 2016  ONE NIGHT ULTIMATE WEREWOLF  Retro 11,laura,Youtube,justin,Insomniac,justin,Werewolves
390,game5 - Visions from 2016  ONE NIGHT ULTIMATE WEREWOLF  Retro 11,paul,Youtube,justin,Mason,justin,Werewolves
391,game5 - Visions from 2016  ONE NIGHT ULTIMATE WEREWOLF  Retro 11,james,Youtube,justin,Mason,justin,Werewolves
392,game5 - Visions from 2016  ONE NIGHT ULTIMATE WEREWOLF  Retro 11,mitchell,Youtube,justin,Werewolf,justin,Werewolves
393,game1 - ONE NIGHT ULTIMATE WEREWOLF  Retro 2,justin,Youtube,caitlynn,Villager,caitlynn,Villagers
394,game1 - ONE NIGHT ULTIMATE WEREWOLF  Retro 2,dan,Youtube,caitlynn,Troublemaker,caitlynn,Villagers
395,game1 - ONE NIGHT ULTIMATE WEREWOLF  Retro 2,mitchell,Youtube,caitlynn,Seer,caitlynn,Villagers
396,game1 - ONE NIGHT ULTIMATE WEREWOLF  Retro 2,caitlynn,Youtube,justin,Werewolf,caitlynn,Villagers
397,game1 - ONE NIGHT ULTIMATE WEREWOLF  Retro 2,mike,Youtube,caitlynn,Villager,caitlynn,Villagers
398,game3 - ONE NIGHT ULTIMATE WEREWOLF  Retro 2,justin,Youtube,dan,Werewolf,justin,Villagers
399,game3 - ONE NIGHT ULTIMATE WEREWOLF  Retro 2,dan,Youtube,justin,Villager,justin,Villagers
400,game3 - ONE NIGHT ULTIMATE WEREWOLF  Retro 2,mitchell,Youtube,justin,Robber,justin,Villagers
401,game3 - ONE NIGHT ULTIMATE WEREWOLF  Retro 2,caitlynn,Youtube,justin,Villager,justin,Villagers
402,game3 - ONE NIGHT ULTIMATE WEREWOLF  Retro 2,mike,Youtube,justin,Troublemaker,justin,Villagers
403,game4 - ONE NIGHT ULTIMATE WEREWOLF  Retro 2,justin,Youtube,mike,Villager,mike,Villagers
404,game4 - ONE NIGHT ULTIMATE WEREWOLF  Retro 2,dan,Youtube,mike,Seer,mike,Villagers
405,game4 - ONE NIGHT ULTIMATE WEREWOLF  Retro 2,mitchell,Youtube,mike,Villager,mike,Villagers
406,game4 - ONE NIGHT ULTIMATE WEREWOLF  Retro 2,caitlynn,Youtube,mike,Robber,mike,Villagers
407,game4 - ONE NIGHT ULTIMATE WEREWOLF  Retro 2,mike,Youtube,dan,Werewolf,mike,Villagers
408,game5 - ONE NIGHT ULTIMATE WEREWOLF  Retro 2,justin,Youtube,mitchell,Robber,justin,Werewolves
409,game5 - ONE NIGHT ULTIMATE WEREWOLF  Retro 2,dan,Youtube,mike,Tanner,justin,Werewolves
410,game5 - ONE NIGHT ULTIMATE WEREWOLF  Retro 2,mitchell,Youtube,caitlynn,Seer,justin,Werewolves
411,game5 - ONE NIGHT ULTIMATE WEREWOLF  Retro 2,caitlynn,Youtube,justin,Werewolf,justin,Werewolves
412,game5 - ONE NIGHT ULTIMATE WEREWOLF  Retro 2,mike,Youtube,justin,Troublemaker,justin,Werewolves
413,game6 - ONE NIGHT ULTIMATE WEREWOLF  Retro 2,justin,Youtube,mitchell,Werewolf,None,Werewolves
414,game6 - ONE NIGHT ULTIMATE WEREWOLF  Retro 2,dan,Youtube,justin,Seer,None,Werewolves
415,game6 - ONE NIGHT ULTIMATE WEREWOLF  Retro 2,mitchell,Youtube,mike,Tanner,None,Werewolves
416,game6 - ONE NIGHT ULTIMATE WEREWOLF  Retro 2,caitlynn,Youtube,justin,Troublemaker,None,Werewolves
417,game6 - ONE NIGHT ULTIMATE WEREWOLF  Retro 2,mike,Youtube,mitchell,Werewolf,None,Werewolves
418,game7 - ONE NIGHT ULTIMATE WEREWOLF  Retro 2,justin,Youtube,dan,Seer,None,Werewolves
419,game7 - ONE NIGHT ULTIMATE WEREWOLF  Retro 2,dan,Youtube,caitlynn,Robber,None,Werewolves
420,game7 - ONE NIGHT ULTIMATE WEREWOLF  Retro 2,mitchell,Youtube,justin,Werewolf,None,Werewolves
421,game7 - ONE NIGHT ULTIMATE WEREWOLF  Retro 2,caitlynn,Youtube,justin,Werewolf,None,Werewolves
422,game7 - ONE NIGHT ULTIMATE WEREWOLF  Retro 2,mike,Youtube,caitlynn,Villager,None,Werewolves
423,game8 - ONE NIGHT ULTIMATE WEREWOLF  Retro 2,justin,Youtube,mike,Seer,justin,Werewolves
424,game8 - ONE NIGHT ULTIMATE WEREWOLF  Retro 2,dan,Youtube,mitchell,Werewolf,justin,Werewolves
425,game8 - ONE NIGHT ULTIMATE WEREWOLF  Retro 2,mitchell,Youtube,caitlynn,Robber,justin,Werewolves
426,game8 - ONE NIGHT ULTIMATE WEREWOLF  Retro 2,caitlynn,Youtube,justin,Tanner,justin,Werewolves
427,game8 - ONE NIGHT ULTIMATE WEREWOLF  Retro 2,mike,Youtube,justin,Villager,justin,Werewolves
428,game2 - ONE NIGHT ULTIMATE WEREWOLF 34  March 24th 2018,justin,Youtube,paul,Tanner,mitchell,Werewolves
429,game2 - ONE NIGHT ULTIMATE WEREWOLF 34  March 24th 2018,carly,Youtube,mitchell,Troublemaker,mitchell,Werewolves
430,game2 - ONE NIGHT ULTIMATE WEREWOLF 34  March 24th 2018,paul,Youtube,justin,Werewolf,mitchell,Werewolves
431,game2 - ONE NIGHT ULTIMATE WEREWOLF 34  March 24th 2018,mitchell,Youtube,carly,Hunter,mitchell,Werewolves
432,game2 - ONE NIGHT ULTIMATE WEREWOLF 34  March 24th 2018,mike,Youtube,mitchell,Seer,mitchell,Werewolves
433,game3 - ONE NIGHT ULTIMATE WEREWOLF 34  March 24th 2018,justin,Youtube,mike,Tanner,mike,Villagers
434,game3 - ONE NIGHT ULTIMATE WEREWOLF 34  March 24th 2018,carly,Youtube,paul,Minion,mike,Villagers
435,game3 - ONE NIGHT ULTIMATE WEREWOLF 34  March 24th 2018,paul,Youtube,carly,Seer,mike,Villagers
436,game3 - ONE NIGHT ULTIMATE WEREWOLF 34  March 24th 2018,mitchell,Youtube,mike,Werewolf,mike,Villagers
437,game3 - ONE NIGHT ULTIMATE WEREWOLF 34  March 24th 2018,mike,Youtube,justin,Werewolf,mike,Villagers
438,game1 - Way Way Back  ONE NIGHT ULTIMATE WEREWOLF  Retro 10,justin,Youtube,laura,Villager,laura,Villagers
439,game1 - Way Way Back  ONE NIGHT ULTIMATE WEREWOLF  Retro 10,laura,Youtube,paul,Werewolf,laura,Villagers
440,game1 - Way Way Back  ONE NIGHT ULTIMATE WEREWOLF  Retro 10,paul,Youtube,laura,Troublemaker,laura,Villagers
441,game1 - Way Way Back  ONE NIGHT ULTIMATE WEREWOLF  Retro 10,james,Youtube,justin,Insomniac,laura,Villagers
442,game1 - Way Way Back  ONE NIGHT ULTIMATE WEREWOLF  Retro 10,mitchell,Youtube,laura,Tanner,laura,Villagers
443,game2 - Way Way Back  ONE NIGHT ULTIMATE WEREWOLF  Retro 10,justin,Youtube,laura,Werewolf,laura,Werewolves
444,game2 - Way Way Back  ONE NIGHT ULTIMATE WEREWOLF  Retro 10,laura,Youtube,paul,Troublemaker,laura,Werewolves
445,game2 - Way Way Back  ONE NIGHT ULTIMATE WEREWOLF  Retro 10,paul,Youtube,laura,Tanner,laura,Werewolves
446,game2 - Way Way Back  ONE NIGHT ULTIMATE WEREWOLF  Retro 10,james,Youtube,justin,Villager,laura,Werewolves
447,game2 - Way Way Back  ONE NIGHT ULTIMATE WEREWOLF  Retro 10,mitchell,Youtube,laura,Seer,laura,Werewolves
448,game3 - Way Way Back  ONE NIGHT ULTIMATE WEREWOLF  Retro 10,justin,Youtube,laura,Werewolf,laura,Villagers
449,game3 - Way Way Back  ONE NIGHT ULTIMATE WEREWOLF  Retro 10,laura,Youtube,paul,Werewolf,laura,Villagers
450,game3 - Way Way Back  ONE NIGHT ULTIMATE WEREWOLF  Retro 10,paul,Youtube,laura,Troublemaker,laura,Villagers
451,game3 - Way Way Back  ONE NIGHT ULTIMATE WEREWOLF  Retro 10,james,Youtube,justin,Robber,laura,Villagers
452,game3 - Way Way Back  ONE NIGHT ULTIMATE WEREWOLF  Retro 10,mitchell,Youtube,laura,Insomniac,laura,Villagers
453,game4 - Way Way Back  ONE NIGHT ULTIMATE WEREWOLF  Retro 10,justin,Youtube,james,Insomniac,james,Werewolves
454,game4 - Way Way Back  ONE NIGHT ULTIMATE WEREWOLF  Retro 10,laura,Youtube,james,Werewolf,james,Werewolves
455,game4 - Way Way Back  ONE NIGHT ULTIMATE WEREWOLF  Retro 10,paul,Youtube,laura,Hunter,james,Werewolves
456,game4 - Way Way Back  ONE NIGHT ULTIMATE WEREWOLF  Retro 10,james,Youtube,paul,Tanner,james,Werewolves
457,game4 - Way Way Back  ONE NIGHT ULTIMATE WEREWOLF  Retro 10,mitchell,Youtube,mitchell,Troublemaker,james,Werewolves
458,game5 - Way Way Back  ONE NIGHT ULTIMATE WEREWOLF  Retro 10,justin,Youtube,laura,Insomniac,laura,Villagers
459,game5 - Way Way Back  ONE NIGHT ULTIMATE WEREWOLF  Retro 10,laura,Youtube,mitchell,Werewolf,laura,Villagers
460,game5 - Way Way Back  ONE NIGHT ULTIMATE WEREWOLF  Retro 10,paul,Youtube,laura,Robber,laura,Villagers
461,game5 - Way Way Back  ONE NIGHT ULTIMATE WEREWOLF  Retro 10,james,Youtube,mitchell,Werewolf,laura,Villagers
462,game5 - Way Way Back  ONE NIGHT ULTIMATE WEREWOLF  Retro 10,mitchell,Youtube,laura,Hunter,laura,Villagers
463,game1 - One Night Ultimate Werewolf 493 Even More Classic Werewolf,pete,Youtube,katie,Robber,katie,Werewolves
464,game1 - One Night Ultimate Werewolf 493 Even More Classic Werewolf,katie,Youtube,pete,Tanner,katie,Werewolves
465,game1 - One Night Ultimate Werewolf 493 Even More Classic Werewolf,brett,Youtube,katie,Seer,katie,Werewolves
466,game1 - One Night Ultimate Werewolf 493 Even More Classic Werewolf,dustin,Youtube,katie,Werewolf,katie,Werewolves
467,game1 - ONE NIGHT ULTIMATE WEREWOLF 87  November 9th 2019,justin,Youtube,mitchell,Werewolf,mitchell,Werewolves
468,game1 - ONE NIGHT ULTIMATE WEREWOLF 87  November 9th 2019,mitchell,Youtube,justin,Robber,mitchell,Werewolves
469,game1 - ONE NIGHT ULTIMATE WEREWOLF 87  November 9th 2019,paul,Youtube,mike,Werewolf,mitchell,Werewolves
470,game1 - ONE NIGHT ULTIMATE WEREWOLF 87  November 9th 2019,mike,Youtube,mitchell,Troublemaker,mitchell,Werewolves
471,game2 - ONE NIGHT ULTIMATE WEREWOLF 87  November 9th 2019,justin,Youtube,paul,Robber,paul,Villagers
472,game2 - ONE NIGHT ULTIMATE WEREWOLF 87  November 9th 2019,mitchell,Youtube,paul,Troublemaker,paul,Villagers
473,game2 - ONE NIGHT ULTIMATE WEREWOLF 87  November 9th 2019,paul,Youtube,mitchell,Werewolf,paul,Villagers
474,game2 - ONE NIGHT ULTIMATE WEREWOLF 87  November 9th 2019,mike,Youtube,paul,Tanner,paul,Villagers
475,game2 - ONE NIGHT ULTIMATE WEREWOLF 83  October 15th 2019,justin,Youtube,caitlynn,Werewolf,caitlynn,Werewolves
476,game2 - ONE NIGHT ULTIMATE WEREWOLF 83  October 15th 2019,meghan,Youtube,caitlynn,Troublemaker,caitlynn,Werewolves
477,game2 - ONE NIGHT ULTIMATE WEREWOLF 83  October 15th 2019,caitlynn,Youtube,justin,Robber,caitlynn,Werewolves
478,game2 - ONE NIGHT ULTIMATE WEREWOLF 83  October 15th 2019,mike,Youtube,caitlynn,Tanner,caitlynn,Werewolves
479,game3 - ONE NIGHT ULTIMATE WEREWOLF 83  October 15th 2019,justin,Youtube,meghan,Troublemaker,meghan,Villagers
480,game3 - ONE NIGHT ULTIMATE WEREWOLF 83  October 15th 2019,meghan,Youtube,justin,Werewolf,meghan,Villagers
481,game3 - ONE NIGHT ULTIMATE WEREWOLF 83  October 15th 2019,caitlynn,Youtube,meghan,Tanner,meghan,Villagers
482,game3 - ONE NIGHT ULTIMATE WEREWOLF 83  October 15th 2019,mike,Youtube,meghan,Robber,meghan,Villagers
483,game3 - ONE NIGHT ULTIMATE WEREWOLF 64  March 23rd 2019,justin,Youtube,paul,Robber,paul,Werewolves
484,game3 - ONE NIGHT ULTIMATE WEREWOLF 64  March 23rd 2019,james,Youtube,paul,Werewolf,paul,Werewolves
485,game3 - ONE NIGHT ULTIMATE WEREWOLF 64  March 23rd 2019,paul,Youtube,mitchell,Troublemaker,paul,Werewolves
486,game3 - ONE NIGHT ULTIMATE WEREWOLF 64  March 23rd 2019,mitchell,Youtube,justin,Tanner,paul,Werewolves
487,game4 - ONE NIGHT ULTIMATE WEREWOLF 64  March 23rd 2019,justin,Youtube,james,Werewolf,None,Werewolves
488,game4 - ONE NIGHT ULTIMATE WEREWOLF 64  March 23rd 2019,james,Youtube,paul,Robber,None,Werewolves
489,game4 - ONE NIGHT ULTIMATE WEREWOLF 64  March 23rd 2019,paul,Youtube,james,Werewolf,None,Werewolves
490,game4 - ONE NIGHT ULTIMATE WEREWOLF 64  March 23rd 2019,mitchell,Youtube,paul,Seer,None,Werewolves
491,game5 - ONE NIGHT ULTIMATE WEREWOLF 64  March 23rd 2019,justin,Youtube,mitchell,Werewolf,justin,Villagers
492,game5 - ONE NIGHT ULTIMATE WEREWOLF 64  March 23rd 2019,james,Youtube,justin,Robber,justin,Villagers
493,game5 - ONE NIGHT ULTIMATE WEREWOLF 64  March 23rd 2019,paul,Youtube,justin,Seer,justin,Villagers
494,game5 - ONE NIGHT ULTIMATE WEREWOLF 64  March 23rd 2019,mitchell,Youtube,justin,Troublemaker,justin,Villagers
495,game1 - One Night Ultimate Werewolf 363 Even More Classic Werewolf,pete,Youtube,katie,Robber,katie,Villagers
496,game1 - One Night Ultimate Werewolf 363 Even More Classic Werewolf,katie,Youtube,kelsey,Werewolf,katie,Villagers
497,game1 - One Night Ultimate Werewolf 363 Even More Classic Werewolf,brett,Youtube,katie,Mason,katie,Villagers
498,game1 - One Night Ultimate Werewolf 363 Even More Classic Werewolf,george,Youtube,katie,Mason,katie,Villagers
499,game1 - One Night Ultimate Werewolf 363 Even More Classic Werewolf,kelsey,Youtube,brett,Minion,katie,Villagers
500,game1 - One Night Ultimate Werewolf 363 Even More Classic Werewolf,dylan,Youtube,brett,Troublemaker,katie,Villagers
501,game1 - ONE NIGHT ULTIMATE WEREWOLF - Drinking Play Through,sarah,Youtube,jordan2,Robber,None,Werewolves
502,game1 - ONE NIGHT ULTIMATE WEREWOLF - Drinking Play Through,jordan1,Youtube,haak,Hunter,None,Werewolves
503,game1 - ONE NIGHT ULTIMATE WEREWOLF - Drinking Play Through,haak,Youtube,sarah,Werewolf,None,Werewolves
504,game1 - ONE NIGHT ULTIMATE WEREWOLF - Drinking Play Through,robin,Youtube,sarah,Minion,None,Werewolves
505,game1 - ONE NIGHT ULTIMATE WEREWOLF - Drinking Play Through,jordan2,Youtube,robin,Tanner,None,Werewolves
506,game1 - ONE NIGHT ULTIMATE WEREWOLF - Drinking Play Through,meryl,Youtube,haak,Seer,None,Werewolves
507,game2 - ONE NIGHT ULTIMATE WEREWOLF - Drinking Play Through,sarah,Youtube,jordan1,Drunk,haak,Werewolves
508,game2 - ONE NIGHT ULTIMATE WEREWOLF - Drinking Play Through,jordan1,Youtube,haak,Minion,haak,Werewolves
509,game2 - ONE NIGHT ULTIMATE WEREWOLF - Drinking Play Through,haak,Youtube,meryl,Hunter,haak,Werewolves
510,game2 - ONE NIGHT ULTIMATE WEREWOLF - Drinking Play Through,robin,Youtube,haak,Seer,haak,Werewolves
511,game2 - ONE NIGHT ULTIMATE WEREWOLF - Drinking Play Through,jordan2,Youtube,robin,Tanner,haak,Werewolves
512,game2 - ONE NIGHT ULTIMATE WEREWOLF - Drinking Play Through,meryl,Youtube,haak,Werewolf,haak,Werewolves
513,game1 - ONE NIGHT ULTIMATE WEREWOLF 63  March 23rd 2019,justin,Youtube,james,Tanner,james,Villagers
514,game1 - ONE NIGHT ULTIMATE WEREWOLF 63  March 23rd 2019,james,Youtube,mitchell,Werewolf,james,Villagers
515,game1 - ONE NIGHT ULTIMATE WEREWOLF 63  March 23rd 2019,paul,Youtube,james,Robber,james,Villagers
516,game1 - ONE NIGHT ULTIMATE WEREWOLF 63  March 23rd 2019,mitchell,Youtube,james,Werewolf,james,Villagers
517,game2 - ONE NIGHT ULTIMATE WEREWOLF 26  January 20th 2018,justin,Youtube,paul,Troublemaker,paul,Werewolves
518,game2 - ONE NIGHT ULTIMATE WEREWOLF 26  January 20th 2018,meghan,Youtube,paul,Werewolf,paul,Werewolves
519,game2 - ONE NIGHT ULTIMATE WEREWOLF 26  January 20th 2018,paul,Youtube,justin,Tanner,paul,Werewolves
520,game2 - ONE NIGHT ULTIMATE WEREWOLF 26  January 20th 2018,mitchell,Youtube,mike,Werewolf,paul,Werewolves
521,game2 - ONE NIGHT ULTIMATE WEREWOLF 26  January 20th 2018,mike,Youtube,paul,Robber,paul,Werewolves
522,game3 - ONE NIGHT ULTIMATE WEREWOLF 26  January 20th 2018,justin,Youtube,meghan,Robber,meghan,Villagers
523,game3 - ONE NIGHT ULTIMATE WEREWOLF 26  January 20th 2018,meghan,Youtube,justin,Werewolf,meghan,Villagers
524,game3 - ONE NIGHT ULTIMATE WEREWOLF 26  January 20th 2018,paul,Youtube,meghan,Troublemaker,meghan,Villagers
525,game3 - ONE NIGHT ULTIMATE WEREWOLF 26  January 20th 2018,mitchell,Youtube,meghan,Werewolf,meghan,Villagers
526,game3 - ONE NIGHT ULTIMATE WEREWOLF 26  January 20th 2018,mike,Youtube,justin,Tanner,meghan,Villagers
527,game3 - ONE NIGHT ULTIMATE WEREWOLF 39  April 21st 2018,justin,Youtube,mike,Werewolf,justin,Villagers
528,game3 - ONE NIGHT ULTIMATE WEREWOLF 39  April 21st 2018,caitlynn,Youtube,justin,Robber,justin,Villagers
529,game3 - ONE NIGHT ULTIMATE WEREWOLF 39  April 21st 2018,mitchell,Youtube,justin,Tanner,justin,Villagers
530,game3 - ONE NIGHT ULTIMATE WEREWOLF 39  April 21st 2018,james,Youtube,mike,Werewolf,justin,Villagers
531,game3 - ONE NIGHT ULTIMATE WEREWOLF 39  April 21st 2018,mike,Youtube,justin,Seer,justin,Villagers
532,game1 - ONE NIGHT ULTIMATE WEREWOLF  Retro 1,justin,Youtube,mitchell,Villager,mitchell,Villagers
533,game1 - ONE NIGHT ULTIMATE WEREWOLF  Retro 1,alvin,Youtube,mitchell,Villager,mitchell,Villagers
534,game1 - ONE NIGHT ULTIMATE WEREWOLF  Retro 1,james,Youtube,mitchell,Robber,mitchell,Villagers
535,game1 - ONE NIGHT ULTIMATE WEREWOLF  Retro 1,mitchell,Youtube,,Werewolf,mitchell,Villagers
536,game10 - ONE NIGHT ULTIMATE WEREWOLF  Retro 1,justin,Youtube,mitchell,Robber,mitchell,Villagers
537,game10 - ONE NIGHT ULTIMATE WEREWOLF  Retro 1,alvin,Youtube,mitchell,Seer,mitchell,Villagers
538,game10 - ONE NIGHT ULTIMATE WEREWOLF  Retro 1,james,Youtube,mitchell,Tanner,mitchell,Villagers
539,game10 - ONE NIGHT ULTIMATE WEREWOLF  Retro 1,mitchell,Youtube,justin,Werewolf,mitchell,Villagers
540,game2 - ONE NIGHT ULTIMATE WEREWOLF  Retro 1,justin,Youtube,james,Werewolf,james,Werewolves
541,game2 - ONE NIGHT ULTIMATE WEREWOLF  Retro 1,alvin,Youtube,james,Villager,james,Werewolves
542,game2 - ONE NIGHT ULTIMATE WEREWOLF  Retro 1,james,Youtube,justin,Robber,james,Werewolves
543,game2 - ONE NIGHT ULTIMATE WEREWOLF  Retro 1,mitchell,Youtube,james,Villager,james,Werewolves
544,game3 - ONE NIGHT ULTIMATE WEREWOLF  Retro 1,justin,Youtube,james,Robber,justin,Werewolves
545,game3 - ONE NIGHT ULTIMATE WEREWOLF  Retro 1,alvin,Youtube,justin,Seer,justin,Werewolves
546,game3 - ONE NIGHT ULTIMATE WEREWOLF  Retro 1,james,Youtube,justin,Villager,justin,Werewolves
547,game3 - ONE NIGHT ULTIMATE WEREWOLF  Retro 1,mitchell,Youtube,justin,Werewolf,justin,Werewolves
548,game4 - ONE NIGHT ULTIMATE WEREWOLF  Retro 1,justin,Youtube,mitchell,Robber,None,Werewolves
549,game4 - ONE NIGHT ULTIMATE WEREWOLF  Retro 1,alvin,Youtube,james,Seer,None,Werewolves
550,game4 - ONE NIGHT ULTIMATE WEREWOLF  Retro 1,james,Youtube,mitchell,Villager,None,Werewolves
551,game4 - ONE NIGHT ULTIMATE WEREWOLF  Retro 1,mitchell,Youtube,james,Werewolf,None,Werewolves
552,game5 - ONE NIGHT ULTIMATE WEREWOLF  Retro 1,justin,Youtube,mitchell,Villager,mitchell,Villagers
553,game5 - ONE NIGHT ULTIMATE WEREWOLF  Retro 1,alvin,Youtube,mitchell,Robber,mitchell,Villagers
554,game5 - ONE NIGHT ULTIMATE WEREWOLF  Retro 1,james,Youtube,mitchell,Villager,mitchell,Villagers
555,game5 - ONE NIGHT ULTIMATE WEREWOLF  Retro 1,mitchell,Youtube,james,Werewolf,mitchell,Villagers
556,game6 - ONE NIGHT ULTIMATE WEREWOLF  Retro 1,justin,Youtube,alvin,Werewolf,justin,Villagers
557,game6 - ONE NIGHT ULTIMATE WEREWOLF  Retro 1,alvin,Youtube,justin,Seer,justin,Villagers
558,game6 - ONE NIGHT ULTIMATE WEREWOLF  Retro 1,james,Youtube,justin,Hunter,justin,Villagers
559,game6 - ONE NIGHT ULTIMATE WEREWOLF  Retro 1,mitchell,Youtube,justin,Robber,justin,Villagers
560,game7 - ONE NIGHT ULTIMATE WEREWOLF  Retro 1,justin,Youtube,james,Seer,james,Villagers
561,game7 - ONE NIGHT ULTIMATE WEREWOLF  Retro 1,alvin,Youtube,james,Drunk,james,Villagers
562,game7 - ONE NIGHT ULTIMATE WEREWOLF  Retro 1,james,Youtube,mitchell,Werewolf,james,Villagers
563,game7 - ONE NIGHT ULTIMATE WEREWOLF  Retro 1,mitchell,Youtube,justin,Werewolf,james,Villagers
564,game8 - ONE NIGHT ULTIMATE WEREWOLF  Retro 1,justin,Youtube,alvin,Villager,justin,Werewolves
565,game8 - ONE NIGHT ULTIMATE WEREWOLF  Retro 1,alvin,Youtube,justin,Werewolf,justin,Werewolves
566,game8 - ONE NIGHT ULTIMATE WEREWOLF  Retro 1,james,Youtube,justin,Robber,justin,Werewolves
567,game8 - ONE NIGHT ULTIMATE WEREWOLF  Retro 1,mitchell,Youtube,justin,Werewolf,justin,Werewolves
568,game9 - ONE NIGHT ULTIMATE WEREWOLF  Retro 1,justin,Youtube,mitchell,Seer,None,Werewolves
569,game9 - ONE NIGHT ULTIMATE WEREWOLF  Retro 1,alvin,Youtube,justin,Robber,None,Werewolves
570,game9 - ONE NIGHT ULTIMATE WEREWOLF  Retro 1,james,Youtube,mitchell,Villager,None,Werewolves
571,game9 - ONE NIGHT ULTIMATE WEREWOLF  Retro 1,mitchell,Youtube,justin,Werewolf,None,Werewolves
572,game1 - One Night Ultimate Werewolf 491 Classic Werewolf,pete,Youtube,brett,Seer,pete,Werewolves
573,game1 - One Night Ultimate Werewolf 491 Classic Werewolf,katie,Youtube,pete,Troublemaker,pete,Werewolves
574,game1 - One Night Ultimate Werewolf 491 Classic Werewolf,brett,Youtube,pete,Werewolf,pete,Werewolves
575,game1 - One Night Ultimate Werewolf 491 Classic Werewolf,dustin,Youtube,pete,Robber,pete,Werewolves
576,game1 - ONE NIGHT ULTIMATE WEREWOLF 9  November 6th 2016,caitlynn,Youtube,mitchell,Tanner,None,Werewolves
577,game1 - ONE NIGHT ULTIMATE WEREWOLF 9  November 6th 2016,mitchell,Youtube,caitlynn,Seer,None,Werewolves
578,game1 - ONE NIGHT ULTIMATE WEREWOLF 9  November 6th 2016,alana,Youtube,mitchell,Werewolf,None,Werewolves
579,game1 - ONE NIGHT ULTIMATE WEREWOLF 9  November 6th 2016,mike,Youtube,caitlynn,Insomniac,None,Werewolves
580,game2 - ONE NIGHT ULTIMATE WEREWOLF 9  November 6th 2016,caitlynn,Youtube,alana,Seer,alana,Villagers
581,game2 - ONE NIGHT ULTIMATE WEREWOLF 9  November 6th 2016,mitchell,Youtube,alana,Troublemaker,alana,Villagers
582,game2 - ONE NIGHT ULTIMATE WEREWOLF 9  November 6th 2016,alana,Youtube,alana,Werewolf,alana,Villagers
583,game2 - ONE NIGHT ULTIMATE WEREWOLF 9  November 6th 2016,mike,Youtube,alana,Robber,alana,Villagers
584,game3 - ONE NIGHT ULTIMATE WEREWOLF 9  November 6th 2016,caitlynn,Youtube,mitchell,Werewolf,caitlynn,Villagers
585,game3 - ONE NIGHT ULTIMATE WEREWOLF 9  November 6th 2016,mitchell,Youtube,caitlynn,Insomniac,caitlynn,Villagers
586,game3 - ONE NIGHT ULTIMATE WEREWOLF 9  November 6th 2016,alana,Youtube,mike,Robber,caitlynn,Villagers
587,game3 - ONE NIGHT ULTIMATE WEREWOLF 9  November 6th 2016,mike,Youtube,caitlynn,Werewolf,caitlynn,Villagers
588,game4 - ONE NIGHT ULTIMATE WEREWOLF 9  November 6th 2016,caitlynn,Youtube,mitchell,Insomniac,alana,Villagers
589,game4 - ONE NIGHT ULTIMATE WEREWOLF 9  November 6th 2016,mitchell,Youtube,alana,Troublemaker,alana,Villagers
590,game4 - ONE NIGHT ULTIMATE WEREWOLF 9  November 6th 2016,alana,Youtube,mike,Werewolf,alana,Villagers
591,game4 - ONE NIGHT ULTIMATE WEREWOLF 9  November 6th 2016,mike,Youtube,alana,Seer,alana,Villagers
592,game1 - One Night Ultimate Werewolf 361 Classic Werewolf,pete,Youtube,kelsey,Drunk,None,Werewolves
593,game1 - One Night Ultimate Werewolf 361 Classic Werewolf,katie,Youtube,kelsey,Minion,None,Werewolves
594,game1 - One Night Ultimate Werewolf 361 Classic Werewolf,brett,Youtube,dylan,Troublemaker,None,Werewolves
595,game1 - One Night Ultimate Werewolf 361 Classic Werewolf,george,Youtube,brett,Robber,None,Werewolves
596,game1 - One Night Ultimate Werewolf 361 Classic Werewolf,kelsey,Youtube,katie,Werewolf,None,Werewolves
597,game1 - One Night Ultimate Werewolf 361 Classic Werewolf,dylan,Youtube,brett,Werewolf,None,Werewolves
598,game1 - ONE NIGHT ULTIMATE WEREWOLF 14  August 26th 2017,justin,Youtube,mitchell,Tanner,mitchell,Werewolves
599,game1 - ONE NIGHT ULTIMATE WEREWOLF 14  August 26th 2017,mitchell,Youtube,justin,Insomniac,mitchell,Werewolves
600,game1 - ONE NIGHT ULTIMATE WEREWOLF 14  August 26th 2017,caitlynn,Youtube,mitchell,Werewolf,mitchell,Werewolves
601,game1 - ONE NIGHT ULTIMATE WEREWOLF 14  August 26th 2017,mike,Youtube,mitchell,Werewolf,mitchell,Werewolves
602,game2 - ONE NIGHT ULTIMATE WEREWOLF 14  August 26th 2017,justin,Youtube,mitchell,Werewolf,mitchell,Werewolves
603,game2 - ONE NIGHT ULTIMATE WEREWOLF 14  August 26th 2017,mitchell,Youtube,caitlynn,Insomniac,mitchell,Werewolves
604,game2 - ONE NIGHT ULTIMATE WEREWOLF 14  August 26th 2017,caitlynn,Youtube,mitchell,Tanner,mitchell,Werewolves
605,game2 - ONE NIGHT ULTIMATE WEREWOLF 14  August 26th 2017,mike,Youtube,mitchell,Werewolf,mitchell,Werewolves
606,game1 - One Night Ultimate Werewolf 1 How-To and Playthrough,dan,Youtube,brett,Werewolf,brett,Werewolves
607,game1 - One Night Ultimate Werewolf 1 How-To and Playthrough,ed,Youtube,audrey,Seer,brett,Werewolves
608,game1 - One Night Ultimate Werewolf 1 How-To and Playthrough,katie,Youtube,brett,Werewolf,brett,Werewolves
609,game1 - One Night Ultimate Werewolf 1 How-To and Playthrough,brett,Youtube,katie,Villager,brett,Werewolves
610,game1 - One Night Ultimate Werewolf 1 How-To and Playthrough,audrey,Youtube,brett,Villager,brett,Werewolves
611,game1 - One Night Ultimate Werewolf 1 How-To and Playthrough,dylan,Youtube,katie,Troublemaker,brett,Werewolves
612,game1 - One Night Ultimate Werewolf 362 More Classic Werewolf,pete,Youtube,kelsey,Werewolf,None,Werewolves
613,game1 - One Night Ultimate Werewolf 362 More Classic Werewolf,katie,Youtube,george,Werewolf,None,Werewolves
614,game1 - One Night Ultimate Werewolf 362 More Classic Werewolf,brett,Youtube,kelsey,Robber,None,Werewolves
615,game1 - One Night Ultimate Werewolf 362 More Classic Werewolf,george,Youtube,brett,Minion,None,Werewolves
616,game1 - One Night Ultimate Werewolf 362 More Classic Werewolf,kelsey,Youtube,george,Tanner,None,Werewolves
617,game1 - One Night Ultimate Werewolf 362 More Classic Werewolf,dylan,Youtube,pete,Mason,None,Werewolves
618,game1 - ONE NIGHT ULTIMATE WEREWOLF 6  November 6th 2016,caitlynn,Youtube,mike,Robber,caitlynn,Werewolves
619,game1 - ONE NIGHT ULTIMATE WEREWOLF 6  November 6th 2016,mitchell,Youtube,caitlynn,Werewolf,caitlynn,Werewolves
620,game1 - ONE NIGHT ULTIMATE WEREWOLF 6  November 6th 2016,alana,Youtube,caitlynn,Troublemaker,caitlynn,Werewolves
621,game1 - ONE NIGHT ULTIMATE WEREWOLF 6  November 6th 2016,mike,Youtube,caitlynn,Werewolf,caitlynn,Werewolves
622,game2 - ONE NIGHT ULTIMATE WEREWOLF 6  November 6th 2016,caitlynn,Youtube,caitlynn,Werewolf,caitlynn,Villagers
623,game2 - ONE NIGHT ULTIMATE WEREWOLF 6  November 6th 2016,mitchell,Youtube,caitlynn,Robber,caitlynn,Villagers
624,game2 - ONE NIGHT ULTIMATE WEREWOLF 6  November 6th 2016,alana,Youtube,caitlynn,Seer,caitlynn,Villagers
625,game2 - ONE NIGHT ULTIMATE WEREWOLF 6  November 6th 2016,mike,Youtube,caitlynn,Troublemaker,caitlynn,Villagers
626,game1 - ONE NIGHT ULTIMATE WEREWOLF 86  November 9th 2019,justin,Youtube,paul,Robber,paul,Villagers
627,game1 - ONE NIGHT ULTIMATE WEREWOLF 86  November 9th 2019,mitchell,Youtube,justin,Werewolf,paul,Villagers
628,game1 - ONE NIGHT ULTIMATE WEREWOLF 86  November 9th 2019,paul,Youtube,mike,Werewolf,paul,Villagers
629,game1 - ONE NIGHT ULTIMATE WEREWOLF 86  November 9th 2019,mike,Youtube,paul,Troublemaker,paul,Villagers
630,game3 - ONE NIGHT ULTIMATE WEREWOLF 86  November 9th 2019,justin,Youtube,paul,Troublemaker,None,Werewolves
631,game3 - ONE NIGHT ULTIMATE WEREWOLF 86  November 9th 2019,mitchell,Youtube,justin,Robber,None,Werewolves
632,game3 - ONE NIGHT ULTIMATE WEREWOLF 86  November 9th 2019,paul,Youtube,justin,Werewolf,None,Werewolves
633,game3 - ONE NIGHT ULTIMATE WEREWOLF 86  November 9th 2019,mike,Youtube,paul,Werewolf,None,Werewolves
634,game4 - ONE NIGHT ULTIMATE WEREWOLF 86  November 9th 2019,justin,Youtube,mike,Troublemaker,mike,Villagers
635,game4 - ONE NIGHT ULTIMATE WEREWOLF 86  November 9th 2019,mitchell,Youtube,mike,Tanner,mike,Villagers
636,game4 - ONE NIGHT ULTIMATE WEREWOLF 86  November 9th 2019,paul,Youtube,mike,Seer,mike,Villagers
637,game4 - ONE NIGHT ULTIMATE WEREWOLF 86  November 9th 2019,mike,Youtube,mitchell,Werewolf,mike,Villagers
638,game2 - ONE NIGHT ULTIMATE WEREWOLF 4  July 14th 2016,justin,Youtube,paul,Werewolf,None,Werewolves
639,game2 - ONE NIGHT ULTIMATE WEREWOLF 4  July 14th 2016,paul,Youtube,mitchell,Seer,None,Werewolves
640,game2 - ONE NIGHT ULTIMATE WEREWOLF 4  July 14th 2016,mitchell,Youtube,paul,Werewolf,None,Werewolves
641,game2 - ONE NIGHT ULTIMATE WEREWOLF 4  July 14th 2016,mike,Youtube,mitchell,Robber,None,Werewolves
642,game1 - ONE NIGHT ULTIMATE WEREWOLF 13  July 29th 2017,justin,Youtube,julie,Seer,None,Werewolves
643,game1 - ONE NIGHT ULTIMATE WEREWOLF 13  July 29th 2017,julie,Youtube,justin,Tanner,None,Werewolves
644,game1 - ONE NIGHT ULTIMATE WEREWOLF 13  July 29th 2017,mitchell,Youtube,julie,Werewolf,None,Werewolves
645,game1 - ONE NIGHT ULTIMATE WEREWOLF 13  July 29th 2017,mike,Youtube,justin,Werewolf,None,Werewolves
646,game2 - ONE NIGHT ULTIMATE WEREWOLF 13  July 29th 2017,justin,Youtube,julie,Robber,None,Werewolves
647,game2 - ONE NIGHT ULTIMATE WEREWOLF 13  July 29th 2017,julie,Youtube,mitchell,Werewolf,None,Werewolves
648,game2 - ONE NIGHT ULTIMATE WEREWOLF 13  July 29th 2017,mitchell,Youtube,mike,Werewolf,None,Werewolves
649,game2 - ONE NIGHT ULTIMATE WEREWOLF 13  July 29th 2017,mike,Youtube,justin,Troublemaker,None,Werewolves
650,game3 - ONE NIGHT ULTIMATE WEREWOLF 13  July 29th 2017,justin,Youtube,julie,Troublemaker,justin,Werewolves
651,game3 - ONE NIGHT ULTIMATE WEREWOLF 13  July 29th 2017,julie,Youtube,justin,Seer,justin,Werewolves
652,game3 - ONE NIGHT ULTIMATE WEREWOLF 13  July 29th 2017,mitchell,Youtube,justin,Werewolf,justin,Werewolves
653,game3 - ONE NIGHT ULTIMATE WEREWOLF 13  July 29th 2017,mike,Youtube,justin,Werewolf,justin,Werewolves
654,game2 - ONE NIGHT ULTIMATE WEREWOLF 1  July 5th 2016,justin,Youtube,mike,Revealer,mike,Werewolves
655,game2 - ONE NIGHT ULTIMATE WEREWOLF 1  July 5th 2016,julie,Youtube,mike,Werewolf,mike,Werewolves
656,game2 - ONE NIGHT ULTIMATE WEREWOLF 1  July 5th 2016,alban,Youtube,mike,Insomniac,mike,Werewolves
657,game2 - ONE NIGHT ULTIMATE WEREWOLF 1  July 5th 2016,james,Youtube,mike,Seer,mike,Werewolves
658,game2 - ONE NIGHT ULTIMATE WEREWOLF 1  July 5th 2016,mitchell,Youtube,mike,Werewolf,mike,Werewolves
659,game2 - ONE NIGHT ULTIMATE WEREWOLF 1  July 5th 2016,mike,Youtube,,Tanner,mike,Werewolves
660,game1 - ONE NIGHT ULTIMATE WEREWOLF 28  February 17th 2018,justin,Youtube,mitchell,Troublemaker,None,Werewolves
661,game1 - ONE NIGHT ULTIMATE WEREWOLF 28  February 17th 2018,caitlynn,Youtube,alysha,Drunk,None,Werewolves
662,game1 - ONE NIGHT ULTIMATE WEREWOLF 28  February 17th 2018,paul,Youtube,alysha,Robber,None,Werewolves
663,game1 - ONE NIGHT ULTIMATE WEREWOLF 28  February 17th 2018,alysha,Youtube,mitchell,Werewolf,None,Werewolves
664,game1 - ONE NIGHT ULTIMATE WEREWOLF 28  February 17th 2018,mitchell,Youtube,alysha,Werewolf,None,Werewolves
665,game1 - ONE NIGHT ULTIMATE WEREWOLF 28  February 17th 2018,mike,Youtube,mitchell,Tanner,None,Werewolves
666,game2 - ONE NIGHT ULTIMATE WEREWOLF 28  February 17th 2018,justin,Youtube,mitchell,Robber,mike,Werewolves
667,game2 - ONE NIGHT ULTIMATE WEREWOLF 28  February 17th 2018,caitlynn,Youtube,mike,Werewolf,mike,Werewolves
668,game2 - ONE NIGHT ULTIMATE WEREWOLF 28  February 17th 2018,paul,Youtube,mike,Tanner,mike,Werewolves
669,game2 - ONE NIGHT ULTIMATE WEREWOLF 28  February 17th 2018,alysha,Youtube,mike,Minion,mike,Werewolves
670,game2 - ONE NIGHT ULTIMATE WEREWOLF 28  February 17th 2018,mitchell,Youtube,mike,Troublemaker,mike,Werewolves
671,game2 - ONE NIGHT ULTIMATE WEREWOLF 28  February 17th 2018,mike,Youtube,paul,Seer,mike,Werewolves
672,game3 - ONE NIGHT ULTIMATE WEREWOLF 28  February 17th 2018,justin,Youtube,mike,Robber,mike,Werewolves
673,game3 - ONE NIGHT ULTIMATE WEREWOLF 28  February 17th 2018,caitlynn,Youtube,mike,Werewolf,mike,Werewolves
674,game3 - ONE NIGHT ULTIMATE WEREWOLF 28  February 17th 2018,paul,Youtube,justin,Tanner,mike,Werewolves
675,game3 - ONE NIGHT ULTIMATE WEREWOLF 28  February 17th 2018,alysha,Youtube,justin,Minion,mike,Werewolves
676,game3 - ONE NIGHT ULTIMATE WEREWOLF 28  February 17th 2018,mitchell,Youtube,mike,Troublemaker,mike,Werewolves
677,game3 - ONE NIGHT ULTIMATE WEREWOLF 28  February 17th 2018,mike,Youtube,paul,Seer,mike,Werewolves
678,game2 - ONE NIGHT ULTIMATE WEREWOLF 89  November 30th 2019,justin,Youtube,paul,Werewolf,justin,Villagers
679,game2 - ONE NIGHT ULTIMATE WEREWOLF 89  November 30th 2019,mitchell,Youtube,justin,Werewolf,justin,Villagers
680,game2 - ONE NIGHT ULTIMATE WEREWOLF 89  November 30th 2019,paul,Youtube,justin,Robber,justin,Villagers
681,game2 - ONE NIGHT ULTIMATE WEREWOLF 89  November 30th 2019,james,Youtube,justin,Troublemaker,justin,Villagers
682,game3 - ONE NIGHT ULTIMATE WEREWOLF 89  November 30th 2019,justin,Youtube,james,Robber,james,Werewolves
683,game3 - ONE NIGHT ULTIMATE WEREWOLF 89  November 30th 2019,mitchell,Youtube,james,Werewolf,james,Werewolves
684,game3 - ONE NIGHT ULTIMATE WEREWOLF 89  November 30th 2019,paul,Youtube,james,Werewolf,james,Werewolves
685,game3 - ONE NIGHT ULTIMATE WEREWOLF 89  November 30th 2019,james,Youtube,mitchell,Troublemaker,james,Werewolves
686,game1 - Flashback  ONE NIGHT ULTIMATE WEREWOLF  Retro 9,justin,Youtube,paul,Werewolf,None,Werewolves
687,game1 - Flashback  ONE NIGHT ULTIMATE WEREWOLF  Retro 9,laura,Youtube,paul,Villager,None,Werewolves
688,game1 - Flashback  ONE NIGHT ULTIMATE WEREWOLF  Retro 9,paul,Youtube,mitchell,Robber,None,Werewolves
689,game1 - Flashback  ONE NIGHT ULTIMATE WEREWOLF  Retro 9,james,Youtube,mitchell,Villager,None,Werewolves
690,game1 - Flashback  ONE NIGHT ULTIMATE WEREWOLF  Retro 9,mitchell,Youtube,justin,Insomniac,None,Werewolves
691,game2 - Flashback  ONE NIGHT ULTIMATE WEREWOLF  Retro 9,justin,Youtube,james,Troublemaker,james,Werewolves
692,game2 - Flashback  ONE NIGHT ULTIMATE WEREWOLF  Retro 9,laura,Youtube,james,Werewolf,james,Werewolves
693,game2 - Flashback  ONE NIGHT ULTIMATE WEREWOLF  Retro 9,paul,Youtube,james,Seer,james,Werewolves
694,game2 - Flashback  ONE NIGHT ULTIMATE WEREWOLF  Retro 9,james,Youtube,mitchell,Villager,james,Werewolves
695,game2 - Flashback  ONE NIGHT ULTIMATE WEREWOLF  Retro 9,mitchell,Youtube,james,Villager,james,Werewolves
696,game3 - Flashback  ONE NIGHT ULTIMATE WEREWOLF  Retro 9,justin,Youtube,laura,Troublemaker,justin,Werewolves
697,game3 - Flashback  ONE NIGHT ULTIMATE WEREWOLF  Retro 9,laura,Youtube,paul,Villager,justin,Werewolves
698,game3 - Flashback  ONE NIGHT ULTIMATE WEREWOLF  Retro 9,paul,Youtube,james,Robber,justin,Werewolves
699,game3 - Flashback  ONE NIGHT ULTIMATE WEREWOLF  Retro 9,james,Youtube,justin,Seer,justin,Werewolves
700,game3 - Flashback  ONE NIGHT ULTIMATE WEREWOLF  Retro 9,mitchell,Youtube,justin,Werewolf,justin,Werewolves
701,game5 - Flashback  ONE NIGHT ULTIMATE WEREWOLF  Retro 9,justin,Youtube,mitchell,Insomniac,mitchell,Werewolves
702,game5 - Flashback  ONE NIGHT ULTIMATE WEREWOLF  Retro 9,laura,Youtube,mitchell,Werewolf,mitchell,Werewolves
703,game5 - Flashback  ONE NIGHT ULTIMATE WEREWOLF  Retro 9,paul,Youtube,mitchell,Werewolf,mitchell,Werewolves
704,game5 - Flashback  ONE NIGHT ULTIMATE WEREWOLF  Retro 9,james,Youtube,mitchell,Seer,mitchell,Werewolves
705,game5 - Flashback  ONE NIGHT ULTIMATE WEREWOLF  Retro 9,mitchell,Youtube,justin,Villager,mitchell,Werewolves
706,game4 - ONE NIGHT ULTIMATE WEREWOLF 45  October 13th 2018,justin,Youtube,mike,Tanner,mike,Villagers
707,game4 - ONE NIGHT ULTIMATE WEREWOLF 45  October 13th 2018,mitchell,Youtube,mike,Werewolf,mike,Villagers
708,game4 - ONE NIGHT ULTIMATE WEREWOLF 45  October 13th 2018,paul,Youtube,mike,Robber,mike,Villagers
709,game4 - ONE NIGHT ULTIMATE WEREWOLF 45  October 13th 2018,mike,Youtube,justin,Werewolf,mike,Villagers
710,game2 - ONE NIGHT ULTIMATE WEREWOLF 37  April 21st 2018,justin,Youtube,mike,Minion,mike,Werewolves
711,game2 - ONE NIGHT ULTIMATE WEREWOLF 37  April 21st 2018,caitlynn,Youtube,mike,Werewolf,mike,Werewolves
712,game2 - ONE NIGHT ULTIMATE WEREWOLF 37  April 21st 2018,mitchell,Youtube,mike,Werewolf,mike,Werewolves
713,game2 - ONE NIGHT ULTIMATE WEREWOLF 37  April 21st 2018,james,Youtube,mitchell,Tanner,mike,Werewolves
714,game2 - ONE NIGHT ULTIMATE WEREWOLF 37  April 21st 2018,mike,Youtube,mitchell,Troublemaker,mike,Werewolves
715,game1 - ONE NIGHT ULTIMATE WEREWOLF 18  September 30th 2017,justin,Youtube,julie,Werewolf,None,Werewolves
716,game1 - ONE NIGHT ULTIMATE WEREWOLF 18  September 30th 2017,julie,Youtube,justin,Tanner,None,Werewolves
717,game1 - ONE NIGHT ULTIMATE WEREWOLF 18  September 30th 2017,paul,Youtube,mitchell,Robber,None,Werewolves
718,game1 - ONE NIGHT ULTIMATE WEREWOLF 18  September 30th 2017,mitchell,Youtube,paul,Werewolf,None,Werewolves
719,game1 - Retrovision  ONE NIGHT ULTIMATE WEREWOLF  Retro 7,justin,Youtube,paul,Seer,paul,Villagers
720,game1 - Retrovision  ONE NIGHT ULTIMATE WEREWOLF  Retro 7,eric,Youtube,paul,Werewolf,paul,Villagers
721,game1 - Retrovision  ONE NIGHT ULTIMATE WEREWOLF  Retro 7,paul,Youtube,eric,Werewolf,paul,Villagers
722,game1 - Retrovision  ONE NIGHT ULTIMATE WEREWOLF  Retro 7,mitchell,Youtube,eric,Robber,paul,Villagers
723,game1 - Retrovision  ONE NIGHT ULTIMATE WEREWOLF  Retro 7,mike,Youtube,paul,Villager,paul,Villagers
724,game2 - Retrovision  ONE NIGHT ULTIMATE WEREWOLF  Retro 7,justin,Youtube,mike,Insomniac,mike,Villagers
725,game2 - Retrovision  ONE NIGHT ULTIMATE WEREWOLF  Retro 7,eric,Youtube,mike,Seer,mike,Villagers
726,game2 - Retrovision  ONE NIGHT ULTIMATE WEREWOLF  Retro 7,paul,Youtube,mike,Villager,mike,Villagers
727,game2 - Retrovision  ONE NIGHT ULTIMATE WEREWOLF  Retro 7,mitchell,Youtube,mike,Villager,mike,Villagers
728,game2 - Retrovision  ONE NIGHT ULTIMATE WEREWOLF  Retro 7,mike,Youtube,eric,Werewolf,mike,Villagers
729,game3 - Retrovision  ONE NIGHT ULTIMATE WEREWOLF  Retro 7,justin,Youtube,mitchell,Werewolf,mitchell,Werewolves
730,game3 - Retrovision  ONE NIGHT ULTIMATE WEREWOLF  Retro 7,eric,Youtube,mitchell,Villager,mitchell,Werewolves
731,game3 - Retrovision  ONE NIGHT ULTIMATE WEREWOLF  Retro 7,paul,Youtube,mitchell,Seer,mitchell,Werewolves
732,game3 - Retrovision  ONE NIGHT ULTIMATE WEREWOLF  Retro 7,mitchell,Youtube,justin,Troublemaker,mitchell,Werewolves
733,game3 - Retrovision  ONE NIGHT ULTIMATE WEREWOLF  Retro 7,mike,Youtube,mitchell,Robber,mitchell,Werewolves
734,game4 - Retrovision  ONE NIGHT ULTIMATE WEREWOLF  Retro 7,justin,Youtube,eric,Werewolf,mike,Villagers
735,game4 - Retrovision  ONE NIGHT ULTIMATE WEREWOLF  Retro 7,eric,Youtube,mike,Tanner,mike,Villagers
736,game4 - Retrovision  ONE NIGHT ULTIMATE WEREWOLF  Retro 7,paul,Youtube,mike,Villager,mike,Villagers
737,game4 - Retrovision  ONE NIGHT ULTIMATE WEREWOLF  Retro 7,mitchell,Youtube,mike,Troublemaker,mike,Villagers
738,game4 - Retrovision  ONE NIGHT ULTIMATE WEREWOLF  Retro 7,mike,Youtube,eric,Werewolf,mike,Villagers
739,game5 - Retrovision  ONE NIGHT ULTIMATE WEREWOLF  Retro 7,justin,Youtube,eric,Werewolf,eric,Werewolves
740,game5 - Retrovision  ONE NIGHT ULTIMATE WEREWOLF  Retro 7,eric,Youtube,mitchell,Tanner,eric,Werewolves
741,game5 - Retrovision  ONE NIGHT ULTIMATE WEREWOLF  Retro 7,paul,Youtube,mitchell,Villager,eric,Werewolves
742,game5 - Retrovision  ONE NIGHT ULTIMATE WEREWOLF  Retro 7,mitchell,Youtube,eric,Troublemaker,eric,Werewolves
743,game5 - Retrovision  ONE NIGHT ULTIMATE WEREWOLF  Retro 7,mike,Youtube,eric,Werewolf,eric,Werewolves
